type,name,module,path,hash
"csv","agent-manifest","_config","_config/agent-manifest.csv","3f3b38f8d833d6a86cd746dcdeff203c9b4aa5e79d4d5a6bd5bef73938fdc4aa"
"csv","task-manifest","_config","_config/task-manifest.csv","4d40aa929231dc109a3e2183cf0238e77340e7f2d884045bde4e334d04571bd6"
"csv","workflow-manifest","_config","_config/workflow-manifest.csv","bb42a326592066764efcb6f6b4d0cc950663cb27b13901249b959e06152578e7"
"yaml","manifest","_config","_config/manifest.yaml","2d33287048aa3b64c37a956e3845b644342702ffb54ce17f6f1fa8b931a1a8e4"
"md","documentation-standards","_memory","_memory/tech-writer-sidecar/documentation-standards.md","b046192ee42fcd1a3e9b2ae6911a0db38510323d072c8d75bad0594f943039e4"
"md","stories-told","_memory","_memory/storyteller-sidecar/stories-told.md","8d7cb6a41382340a550c88627ef0c680ee7c20d61b53a7b18994d27f2368a5d4"
"md","story-preferences","_memory","_memory/storyteller-sidecar/story-preferences.md","b269d52c87cf6913ff2ce31772ed5faa5d064ab5f6889be6c9bec3c9b2e7c47a"
"yaml","config","_memory","_memory/config.yaml","3796c84b430aae6777c90c79cfbdaaaea2f934d888640ecc8ebd976028ca693f"
"csv","default-party","bmm","bmm/teams/default-party.csv","5af107a5b9e9092aeb81bd8c8b9bbe7003afb7bc500e64d56da7cc27ae0c4a6e"
"csv","documentation-requirements","bmm","bmm/workflows/document-project/documentation-requirements.csv","d1253b99e88250f2130516b56027ed706e643bfec3d99316727a4c6ec65c6c1d"
"csv","domain-complexity","bmm","bmm/workflows/2-plan-workflows/create-prd/data/domain-complexity.csv","f775f09fb4dc1b9214ca22db4a3994ce53343d976d7f6e5384949835db6d2770"
"csv","domain-complexity","bmm","bmm/workflows/3-solutioning/create-architecture/data/domain-complexity.csv","3dc34ed39f1fc79a51f7b8fc92087edb7cd85c4393a891d220f2e8dd5a101c70"
"csv","module-help","bmm","bmm/module-help.csv","8013719913cfeef49b3101d9bc2873741e9f2e2e0fdcf17c461d5c87f9b59b82"
"csv","project-types","bmm","bmm/workflows/2-plan-workflows/create-prd/data/project-types.csv","7a01d336e940fb7a59ff450064fd1194cdedda316370d939264a0a0adcc0aca3"
"csv","project-types","bmm","bmm/workflows/3-solutioning/create-architecture/data/project-types.csv","12343635a2f11343edb1d46906981d6f5e12b9cad2f612e13b09460b5e5106e7"
"json","project-scan-report-schema","bmm","bmm/workflows/document-project/templates/project-scan-report-schema.json","8466965321f1db22f5013869636199f67e0113706283c285a7ffbbf5efeea321"
"md","architecture-decision-template","bmm","bmm/workflows/3-solutioning/create-architecture/architecture-decision-template.md","5d9adf90c28df61031079280fd2e49998ec3b44fb3757c6a202cda353e172e9f"
"md","checklist","bmm","bmm/workflows/4-implementation/code-review/checklist.md","e30d2890ba5c50777bbe04071f754e975a1d7ec168501f321a79169c4201dd28"
"md","checklist","bmm","bmm/workflows/4-implementation/correct-course/checklist.md","8420f652601d4ae1bb83e451b6b32b91544b09c4126320adf57aac624fb5907a"
"md","checklist","bmm","bmm/workflows/4-implementation/create-story/checklist.md","0694a44014e15c7724b6268b6d96a41cbbdb7a9a33597d787078e652f4223280"
"md","checklist","bmm","bmm/workflows/4-implementation/dev-story/checklist.md","630b68c6824a8785003a65553c1f335222b17be93b1bd80524c23b38bde1d8af"
"md","checklist","bmm","bmm/workflows/4-implementation/sprint-planning/checklist.md","80b10aedcf88ab1641b8e5f99c9a400c8fd9014f13ca65befc5c83992e367dd7"
"md","checklist","bmm","bmm/workflows/document-project/checklist.md","581b0b034c25de17ac3678db2dbafedaeb113de37ddf15a4df6584cf2324a7d7"
"md","checklist","bmm","bmm/workflows/qa-generate-e2e-tests/checklist.md","83cd779c6527ff34184dc86f9eebfc0a8a921aee694f063208aee78f80a8fb12"
"md","deep-dive-instructions","bmm","bmm/workflows/document-project/workflows/deep-dive-instructions.md","e0d6c3e7103dbff35e1faee7a6dc90db75049344644ad9d90321cb65f2b8d500"
"md","deep-dive-template","bmm","bmm/workflows/document-project/templates/deep-dive-template.md","6198aa731d87d6a318b5b8d180fc29b9aa53ff0966e02391c17333818e94ffe9"
"md","deep-dive-workflow","bmm","bmm/workflows/document-project/workflows/deep-dive-workflow.md","cb9cc1731b606c2d147ed4dbb988d2b6658f3330fcc84cc2c71b7e3d9082cd20"
"md","discover-inputs","bmm","bmm/workflows/4-implementation/code-review/discover-inputs.md","dfedba6a8ea05c9a91c6d202c4b29ee3ea793d8ef77575034787ae0fef280507"
"md","discover-inputs","bmm","bmm/workflows/4-implementation/create-story/discover-inputs.md","dfedba6a8ea05c9a91c6d202c4b29ee3ea793d8ef77575034787ae0fef280507"
"md","epics-template","bmm","bmm/workflows/3-solutioning/create-epics-and-stories/templates/epics-template.md","a804f740155156d89661fa04e7a4264a8f712c4dc227c44fd8ae804a9b0f6b72"
"md","full-scan-instructions","bmm","bmm/workflows/document-project/workflows/full-scan-instructions.md","bda383bac15425367ccb2b0ab4c9c8e75021a89bb2825c5513193cbb065d8e43"
"md","full-scan-workflow","bmm","bmm/workflows/document-project/workflows/full-scan-workflow.md","906d46349ac14a59c7a71133dc39acebbcf3b046e1c65d96012f25aabc35e4de"
"md","index-template","bmm","bmm/workflows/document-project/templates/index-template.md","42c8a14f53088e4fda82f26a3fe41dc8a89d4bcb7a9659dd696136378b64ee90"
"md","instructions","bmm","bmm/workflows/document-project/instructions.md","420dc9ec1aa4ff79d252c5a32258b03c68c326534267b4258f30069c3cfcb0dc"
"md","prd-purpose","bmm","bmm/workflows/2-plan-workflows/create-prd/data/prd-purpose.md","49c4641b91504bb14e3887029b70beacaff83a2de200ced4f8cb11c1356ecaee"
"md","prd-template","bmm","bmm/workflows/2-plan-workflows/create-prd/templates/prd-template.md","7ccccab9c06a626b7a228783b0b9b6e4172e9ec0b10d47bbfab56958c898f837"
"md","product-brief.template","bmm","bmm/workflows/1-analysis/create-product-brief/product-brief.template.md","ae0f58b14455efd75a0d97ba68596a3f0b58f350cd1a0ee5b1af69540f949781"
"md","project-context-template","bmm","bmm/data/project-context-template.md","facd60b71649247146700b1dc7d709fa0ae09487f7cf2b5ff8f5ce1b3a8427e8"
"md","project-context-template","bmm","bmm/workflows/generate-project-context/project-context-template.md","54e351394ceceb0ac4b5b8135bb6295cf2c37f739c7fd11bb895ca16d79824a5"
"md","project-overview-template","bmm","bmm/workflows/document-project/templates/project-overview-template.md","a7c7325b75a5a678dca391b9b69b1e3409cfbe6da95e70443ed3ace164e287b2"
"md","readiness-report-template","bmm","bmm/workflows/3-solutioning/check-implementation-readiness/templates/readiness-report-template.md","0da97ab1e38818e642f36dc0ef24d2dae69fc6e0be59924dc2dbf44329738ff6"
"md","research.template","bmm","bmm/workflows/1-analysis/research/research.template.md","507bb6729476246b1ca2fca4693986d286a33af5529b6cd5cb1b0bb5ea9926ce"
"md","SKILL","bmm","bmm/workflows/bmad-quick-flow/bmad-quick-dev-new-preview/SKILL.md","85bea3740a3a65ea489f28add1add9177489108d43ffab2b2d2cc62cd7afff15"
"md","source-tree-template","bmm","bmm/workflows/document-project/templates/source-tree-template.md","109bc335ebb22f932b37c24cdc777a351264191825444a4d147c9b82a1e2ad7a"
"md","step-01-clarify-and-route","bmm","bmm/workflows/bmad-quick-flow/bmad-quick-dev-new-preview/steps/step-01-clarify-and-route.md","6999fcbbdc0192478ca41d79cdca5d568d21920519add3bb2f2390cf9fcbaace"
"md","step-01-discover","bmm","bmm/workflows/generate-project-context/steps/step-01-discover.md","4fa1d13ec3c6db8560b6b1316b822ec2163a58b114b44e9aff733b171ef50ebe"
"md","step-01-document-discovery","bmm","bmm/workflows/3-solutioning/check-implementation-readiness/steps/step-01-document-discovery.md","9204972d801c28a76433230942c81bacc171e6b6951d3226cea9e7ca5c9310f1"
"md","step-01-init","bmm","bmm/workflows/1-analysis/create-product-brief/steps/step-01-init.md","1d8a0a692c78b01535fad65b18c178a566ffa4c62d5b920c7cadea23ceb9697a"
"md","step-01-init","bmm","bmm/workflows/1-analysis/research/domain-steps/step-01-init.md","b21ec2af60870caba5447183424b720e98d1b9232526d26b8d7b11e9f165c52c"
"md","step-01-init","bmm","bmm/workflows/1-analysis/research/market-steps/step-01-init.md","b2b030bc59dfe516e67f19d66f9c6d44d745343ccf2d726d4106290704aecdbd"
"md","step-01-init","bmm","bmm/workflows/1-analysis/research/technical-steps/step-01-init.md","aa809f6b4f152940792f7b4d95f424aaf8c9ebd7628f553486d1bd55b68f9567"
"md","step-01-init","bmm","bmm/workflows/2-plan-workflows/create-prd/steps-c/step-01-init.md","6ad502fa5bf5639eaf6a42e8f0bc0f2b811e0a3fd2ae3a24ed3333365f99e23c"
"md","step-01-init","bmm","bmm/workflows/2-plan-workflows/create-ux-design/steps/step-01-init.md","e76defb842ed5478ec16b35d6566f5ab7ecd8118b92b240a40ab9a7a1e7d3d0b"
"md","step-01-init","bmm","bmm/workflows/3-solutioning/create-architecture/steps/step-01-init.md","b270fd38b2144acb87e07c7496929ddd096717fc6f141736c2e9d1f574458314"
"md","step-01-mode-detection","bmm","bmm/workflows/bmad-quick-flow/quick-dev/steps/step-01-mode-detection.md","4c3843e94643e8231adf460554d39551b0dcbd21ea875c20e55373f91d91381f"
"md","step-01-understand","bmm","bmm/workflows/bmad-quick-flow/quick-spec/steps/step-01-understand.md","24c2d3d3703a9330994a7008a93327702f9551453b0d373476ee83e15d10a514"
"md","step-01-validate-prerequisites","bmm","bmm/workflows/3-solutioning/create-epics-and-stories/steps/step-01-validate-prerequisites.md","e33db08b1557e4b2fd202dc81b71d6b219e098fb38f354c1a4c05d28b034cfc0"
"md","step-01b-continue","bmm","bmm/workflows/1-analysis/create-product-brief/steps/step-01b-continue.md","c32490fda5f5a3d5c278baad8e9f4bd793e03429a5bf42c31719e0d90c9a3973"
"md","step-01b-continue","bmm","bmm/workflows/2-plan-workflows/create-prd/steps-c/step-01b-continue.md","5afc3f34f6089a03e9c9a88f13cb41617a7ef163db15c2b39b31ab6908bfa7d6"
"md","step-01b-continue","bmm","bmm/workflows/2-plan-workflows/create-ux-design/steps/step-01b-continue.md","07703fb9ddacf143e7f9cd21e69edc7cf087052d1dc5841674c122d18bb3b956"
"md","step-01b-continue","bmm","bmm/workflows/3-solutioning/create-architecture/steps/step-01b-continue.md","438f14332117c74e5d12f7630690ada4eae4fdcd04e4f47dc689915fe757f101"
"md","step-02-context","bmm","bmm/workflows/3-solutioning/create-architecture/steps/step-02-context.md","751a3ee7e0a0a2a841cdf4229fee83ab1ec087c046d46ff9c663af913c37386f"
"md","step-02-context-gathering","bmm","bmm/workflows/bmad-quick-flow/quick-dev/steps/step-02-context-gathering.md","1c4df806dea12554aae0240e5baf5c1cffa5948d0998c8e2c4a93df40d7c42ef"
"md","step-02-customer-behavior","bmm","bmm/workflows/1-analysis/research/market-steps/step-02-customer-behavior.md","93d20ddbd5506bc1d604c3ce56b42185bfe6f34402c45760e4cb7bec627f52e9"
"md","step-02-design-epics","bmm","bmm/workflows/3-solutioning/create-epics-and-stories/steps/step-02-design-epics.md","4530ccd0ca4d3de39730968f060241d4ae0f134915cb000318f6cf6d9aadfd80"
"md","step-02-discovery","bmm","bmm/workflows/2-plan-workflows/create-prd/steps-c/step-02-discovery.md","8e7b79a03be7bde381982a10bde24ee75d0da7232689b8aab57a2084434cfbcc"
"md","step-02-discovery","bmm","bmm/workflows/2-plan-workflows/create-ux-design/steps/step-02-discovery.md","870c7bd11c00828b74fd36578dd954f9888237a8f769fb8626f3aa53ee7298f9"
"md","step-02-domain-analysis","bmm","bmm/workflows/1-analysis/research/domain-steps/step-02-domain-analysis.md","9c4eabbed87b6bfc4636c98e96e551f69af7ef78a92b3f99ac6faa90a921c4c5"
"md","step-02-generate","bmm","bmm/workflows/generate-project-context/steps/step-02-generate.md","3ac1c48f96c0a57ebafd7610b6868acaa321fad502a79f85633aea4580722dc8"
"md","step-02-investigate","bmm","bmm/workflows/bmad-quick-flow/quick-spec/steps/step-02-investigate.md","bacc264e95c273d17c7f9ffcf820b5924bab48e04824da69f125aadb86d70273"
"md","step-02-plan","bmm","bmm/workflows/bmad-quick-flow/bmad-quick-dev-new-preview/steps/step-02-plan.md","7867132934b97f7dca7a38d3070ac50f5e3f382e09046f609463a7d5a2987f6a"
"md","step-02-prd-analysis","bmm","bmm/workflows/3-solutioning/check-implementation-readiness/steps/step-02-prd-analysis.md","f8c4f293c0a040fa9f73829ffeabfa073d0a8ade583adaefb26431ec83a76398"
"md","step-02-technical-overview","bmm","bmm/workflows/1-analysis/research/technical-steps/step-02-technical-overview.md","a8b8c49649087e8d5afa278840bfe3ed2e8203c820dbe7878ac7571956d940e0"
"md","step-02-vision","bmm","bmm/workflows/1-analysis/create-product-brief/steps/step-02-vision.md","569aebbe151edc3e5c66c7ced0be1629fee5a8530c8e06a35b9d6339c157b11f"
"md","step-02b-vision","bmm","bmm/workflows/2-plan-workflows/create-prd/steps-c/step-02b-vision.md","2a86c28577961a8fc03a0076a7746a78b497389f917be472032638e759f0e64d"
"md","step-02c-executive-summary","bmm","bmm/workflows/2-plan-workflows/create-prd/steps-c/step-02c-executive-summary.md","94381d8cca5e9e84571c23e31ccb3d94e9c0788d53e172548a43f0817dc708fd"
"md","step-03-competitive-landscape","bmm","bmm/workflows/1-analysis/research/domain-steps/step-03-competitive-landscape.md","93b8fb9b174cc8dca87bd18dafda7a6ee23727874e7eb86106fd40d7daeb6fb0"
"md","step-03-complete","bmm","bmm/workflows/generate-project-context/steps/step-03-complete.md","cf8d1d1904aeddaddb043c3c365d026cd238891cd702c2b78bae032a8e08ae17"
"md","step-03-core-experience","bmm","bmm/workflows/2-plan-workflows/create-ux-design/steps/step-03-core-experience.md","75769a768fc2c4341ce9abab76184ad3d050fbc75d2a89a04faf1a307690aba6"
"md","step-03-create-stories","bmm","bmm/workflows/3-solutioning/create-epics-and-stories/steps/step-03-create-stories.md","d49ad895ac9c095a28e46e9bc4433fadec0095a4e603027e98559430fb57770e"
"md","step-03-customer-pain-points","bmm","bmm/workflows/1-analysis/research/market-steps/step-03-customer-pain-points.md","4a224fb63d2814a1e2df9b82e42cb2573dc7ffacdf4e61a14a4763c433431a16"
"md","step-03-epic-coverage-validation","bmm","bmm/workflows/3-solutioning/check-implementation-readiness/steps/step-03-epic-coverage-validation.md","f425bcac163b9ea63a004039ff65fffea3499d9e01a2821bb11e0e17e6b6fc52"
"md","step-03-execute","bmm","bmm/workflows/bmad-quick-flow/quick-dev/steps/step-03-execute.md","852fe6239e0322081d5208be4737bad0c15ab08f0c8b93fbddb94491b9931a01"
"md","step-03-generate","bmm","bmm/workflows/bmad-quick-flow/quick-spec/steps/step-03-generate.md","19f5d60629298536f98f1ed1025002836e02a49a30aebed0ed300a40f64f5dd6"
"md","step-03-implement","bmm","bmm/workflows/bmad-quick-flow/bmad-quick-dev-new-preview/steps/step-03-implement.md","6b3ef70305f5feb6dec051e180ce5a71e1e94bbaf8ef0551fca38aa6967dce2e"
"md","step-03-integration-patterns","bmm","bmm/workflows/1-analysis/research/technical-steps/step-03-integration-patterns.md","bb034b20b8c325c1948aa1c7350f0b7e68601a08ec72eb09884e4dae5d94554d"
"md","step-03-starter","bmm","bmm/workflows/3-solutioning/create-architecture/steps/step-03-starter.md","7e3468c11ec4fa7ab7e3b4e3615e9212bb5b6f1b344a7e7d9a503f12d499826d"
"md","step-03-success","bmm","bmm/workflows/2-plan-workflows/create-prd/steps-c/step-03-success.md","3f38ede1f4b2a8e498fc9be06d0ff09d907fc4b5521c26022ee5518e68d7bee9"
"md","step-03-users","bmm","bmm/workflows/1-analysis/create-product-brief/steps/step-03-users.md","4d65c289bab5746e725f74180c6d943f75cd964388d645fbf0d029c853a42200"
"md","step-04-architectural-patterns","bmm","bmm/workflows/1-analysis/research/technical-steps/step-04-architectural-patterns.md","81e4e6f5c6048379ea45d0d4288a7247ff46855653ec6fccf5bbef0e78778ca9"
"md","step-04-customer-decisions","bmm","bmm/workflows/1-analysis/research/market-steps/step-04-customer-decisions.md","8a0c46828854693a7de16e148c3c9eb08b42409a2676b9a44b3cdffe06a577b3"
"md","step-04-decisions","bmm","bmm/workflows/3-solutioning/create-architecture/steps/step-04-decisions.md","9a7c315db9fa2c906e6cb22ddc592f4f9607128dd8e729a8edc820143b36773a"
"md","step-04-emotional-response","bmm","bmm/workflows/2-plan-workflows/create-ux-design/steps/step-04-emotional-response.md","613bd3d350e0e645b74bf9c2490eba612fdf06cac40e53f2e2034d075689542e"
"md","step-04-final-validation","bmm","bmm/workflows/3-solutioning/create-epics-and-stories/steps/step-04-final-validation.md","ef2a8a889e1a74a092643ba5b72cfc4be0d33746bce16b57f2b8dcd4de64428f"
"md","step-04-journeys","bmm","bmm/workflows/2-plan-workflows/create-prd/steps-c/step-04-journeys.md","f3eecf7116bf38db9de745c912bb93bc540d3a327c090c9748e29f43deff75e6"
"md","step-04-metrics","bmm","bmm/workflows/1-analysis/create-product-brief/steps/step-04-metrics.md","84355180448bd75e0127f9ab468baf180767e4a4dbd1802e9279d0b4e79e79e0"
"md","step-04-regulatory-focus","bmm","bmm/workflows/1-analysis/research/domain-steps/step-04-regulatory-focus.md","179a82a4fdc32274a2ad3ce501b1b54ca1925b7ce9bcaad35503a9dd080e866a"
"md","step-04-review","bmm","bmm/workflows/bmad-quick-flow/bmad-quick-dev-new-preview/steps/step-04-review.md","26b2636cce55826cbefac196d23bd2de553fe7cca76607de7fa66019e08147b1"
"md","step-04-review","bmm","bmm/workflows/bmad-quick-flow/quick-spec/steps/step-04-review.md","d1e55010e16cf8b312c73ac943c4d684d817dafe1f5438979ac1c8abc1f129c1"
"md","step-04-self-check","bmm","bmm/workflows/bmad-quick-flow/quick-dev/steps/step-04-self-check.md","0dde0d5c75c3884d6b4d3380263721ad63e02c3d438a100cba3d5da4957c271b"
"md","step-04-ux-alignment","bmm","bmm/workflows/3-solutioning/check-implementation-readiness/steps/step-04-ux-alignment.md","d2e15adf2aecc2c72f9bb9051e94042fc522fd7cfb16376f41bdcdd294319703"
"md","step-05-adversarial-review","bmm","bmm/workflows/bmad-quick-flow/quick-dev/steps/step-05-adversarial-review.md","d02ed95c44c3355e766dc1a9d1a7bb199dadc01752c031e23fa1e7719010e611"
"md","step-05-competitive-analysis","bmm","bmm/workflows/1-analysis/research/market-steps/step-05-competitive-analysis.md","ff6f606a80ffaf09aa325e38a4ceb321b97019e6542241b2ed4e8eb38b35efa8"
"md","step-05-domain","bmm","bmm/workflows/2-plan-workflows/create-prd/steps-c/step-05-domain.md","ad688aa386a7563eed1e69c6e270bcf0b4c64a7fcf3bc17962d96b23244549ba"
"md","step-05-epic-quality-review","bmm","bmm/workflows/3-solutioning/check-implementation-readiness/steps/step-05-epic-quality-review.md","e7fd60676d6ade485de77ce2dd4229811912594cb924d6c15bae5d9bdf105a7d"
"md","step-05-implementation-research","bmm","bmm/workflows/1-analysis/research/technical-steps/step-05-implementation-research.md","438a235bcb2dbbacb4c38d440b1636a208d4cbe8b5d109cb850cbdfb564b9071"
"md","step-05-inspiration","bmm","bmm/workflows/2-plan-workflows/create-ux-design/steps/step-05-inspiration.md","2477888ca617dabef85e0cc3be7dd769e7bd6187b61a40f74f75286ff08a976a"
"md","step-05-patterns","bmm","bmm/workflows/3-solutioning/create-architecture/steps/step-05-patterns.md","a579d9af712a5c28af03786f4b4d6d3e65047e6708cd3f3d7e838d182b6ffb5e"
"md","step-05-present","bmm","bmm/workflows/bmad-quick-flow/bmad-quick-dev-new-preview/steps/step-05-present.md","3c4beff4af407440b6b9709172cc402f50bc9c86112156ed32a21e9bdfb69153"
"md","step-05-scope","bmm","bmm/workflows/1-analysis/create-product-brief/steps/step-05-scope.md","7873df1475b18dfc0a9f5c53e160e31a522b316600ddfe0322d44ba78068b1b3"
"md","step-05-technical-trends","bmm","bmm/workflows/1-analysis/research/domain-steps/step-05-technical-trends.md","210ef479757881d418db392ac38442d4df9033dedab7bdf8965503a83430ab55"
"md","step-06-complete","bmm","bmm/workflows/1-analysis/create-product-brief/steps/step-06-complete.md","f48a5284328b02a131585a84f3b8e3aff11902f51a619e0db056c71713fcfa09"
"md","step-06-design-system","bmm","bmm/workflows/2-plan-workflows/create-ux-design/steps/step-06-design-system.md","aa4e824cc79d81e15830eba2c51160900c2fd11eb4c631b78dd9d7b6e663019a"
"md","step-06-final-assessment","bmm","bmm/workflows/3-solutioning/check-implementation-readiness/steps/step-06-final-assessment.md","c45f5aabaf942ebb34ceb061246a886f8aa6e02df24d4556c40fe5fa3d2c0005"
"md","step-06-innovation","bmm","bmm/workflows/2-plan-workflows/create-prd/steps-c/step-06-innovation.md","2b67089e90777241be0dd120729ee8e4173569ac391d58127ffdab18beac6bbd"
"md","step-06-research-completion","bmm","bmm/workflows/1-analysis/research/market-steps/step-06-research-completion.md","ddc239b81dc76148b5b41741b3ca0d6d4a1f781e1db5e50d2c6b4222dd64eda9"
"md","step-06-research-synthesis","bmm","bmm/workflows/1-analysis/research/domain-steps/step-06-research-synthesis.md","ae7ea9eec7f763073e4e1ec7ef0dd247a2c9c8f8172c84cbcb0590986c67caa2"
"md","step-06-research-synthesis","bmm","bmm/workflows/1-analysis/research/technical-steps/step-06-research-synthesis.md","01d94ed48e86317754d1dafb328d57bd1ce8832c1f443bfd62413bbd07dcf3a1"
"md","step-06-resolve-findings","bmm","bmm/workflows/bmad-quick-flow/quick-dev/steps/step-06-resolve-findings.md","e657af6e3687e15852c860f018b73aa263bdcf6b9d544771a8c0c715581a2c99"
"md","step-06-structure","bmm","bmm/workflows/3-solutioning/create-architecture/steps/step-06-structure.md","23b8ffad4b7b0098b507cc397c15ca315e706daa9e0a37a0cd9e8c3a5190a46e"
"md","step-07-defining-experience","bmm","bmm/workflows/2-plan-workflows/create-ux-design/steps/step-07-defining-experience.md","f5421f2aab834d0b7fc7c57a48a30bf902f71322c96af989194dbe310a20ea57"
"md","step-07-project-type","bmm","bmm/workflows/2-plan-workflows/create-prd/steps-c/step-07-project-type.md","9310917946b9aaf52a98b838978c740d4d269b2589f9837ed1389a9731d64f4f"
"md","step-07-validation","bmm","bmm/workflows/3-solutioning/create-architecture/steps/step-07-validation.md","5012fa4e5477f0eeb39826fbfbfc19e7337c332a45e60d17852473a225624428"
"md","step-08-complete","bmm","bmm/workflows/3-solutioning/create-architecture/steps/step-08-complete.md","2bdb9f1a149eb8e075c734f086b977709baeeb3d7ca0c2c998997e3c0ce2f532"
"md","step-08-scoping","bmm","bmm/workflows/2-plan-workflows/create-prd/steps-c/step-08-scoping.md","be239ea04c8caa5b97974e7f7bb68054d71b3fce05af608c237d17d4ae2a1829"
"md","step-08-visual-foundation","bmm","bmm/workflows/2-plan-workflows/create-ux-design/steps/step-08-visual-foundation.md","9e9f5ac0f61f915aba59ed9fe9eb2859313408982be73f067d489207e41835ec"
"md","step-09-design-directions","bmm","bmm/workflows/2-plan-workflows/create-ux-design/steps/step-09-design-directions.md","5b762b019a7da8c6e667f4fe77291f23039630ff6bee6c2e1dd34622bef6c415"
"md","step-09-functional","bmm","bmm/workflows/2-plan-workflows/create-prd/steps-c/step-09-functional.md","c23b3279f361f4bdc26b7580647ce08de9c5087ee8b591482f9677b1256ac066"
"md","step-10-nonfunctional","bmm","bmm/workflows/2-plan-workflows/create-prd/steps-c/step-10-nonfunctional.md","778a4d276ca95da5e0ad307f3e996daab1fb55043489e26480c881b52d809ca0"
"md","step-10-user-journeys","bmm","bmm/workflows/2-plan-workflows/create-ux-design/steps/step-10-user-journeys.md","9de59d4694388e779b06b65eb6cd2a8d2b511fb4ca01a37656f0810c592df697"
"md","step-11-component-strategy","bmm","bmm/workflows/2-plan-workflows/create-ux-design/steps/step-11-component-strategy.md","1a5368437a5ab59a2632487c942c1fdbf96573c1cf8d3e34ad96268d36d21d38"
"md","step-11-polish","bmm","bmm/workflows/2-plan-workflows/create-prd/steps-c/step-11-polish.md","ad03456ac6dce64742f7a72f45b1d1d0ddc982cfe76ae768df18a2fe2d352812"
"md","step-12-complete","bmm","bmm/workflows/2-plan-workflows/create-prd/steps-c/step-12-complete.md","c33b9aa62e0bd3a555bc502187d14538ad6a09fce52c6087b02c89425a2e19d0"
"md","step-12-ux-patterns","bmm","bmm/workflows/2-plan-workflows/create-ux-design/steps/step-12-ux-patterns.md","6c06322fb09eca02ebb2fd0aaf900f83a17315e7dd9c076fdb18f966d34eb449"
"md","step-13-responsive-accessibility","bmm","bmm/workflows/2-plan-workflows/create-ux-design/steps/step-13-responsive-accessibility.md","eedb812af0fc1be10beb1b2f508344129c73b60e908a9c51fa99df6887452024"
"md","step-14-complete","bmm","bmm/workflows/2-plan-workflows/create-ux-design/steps/step-14-complete.md","86f794d384c767df35769a804b04b721fc93bab86a108990dc7abaf25a03ecab"
"md","step-e-01-discovery","bmm","bmm/workflows/2-plan-workflows/create-prd/steps-e/step-e-01-discovery.md","605740eae1d335846993d3968abf86a1b169a9035d5ce0c8c6296b9ded8c0df2"
"md","step-e-01b-legacy-conversion","bmm","bmm/workflows/2-plan-workflows/create-prd/steps-e/step-e-01b-legacy-conversion.md","e6bbe9020e6986a620fc0299a48e6c31c9d1ec14691df11be71baeb79837bc92"
"md","step-e-02-review","bmm","bmm/workflows/2-plan-workflows/create-prd/steps-e/step-e-02-review.md","c38392c68f4fa4d4c62190b2487007478785932e63e1f846f6ce3ac49748d6d3"
"md","step-e-03-edit","bmm","bmm/workflows/2-plan-workflows/create-prd/steps-e/step-e-03-edit.md","dfcc3e4f0b1ec050d4985af04dc02b28174a995e95327ca01ae4b8cac10cc1e5"
"md","step-e-04-complete","bmm","bmm/workflows/2-plan-workflows/create-prd/steps-e/step-e-04-complete.md","a1100f8639120311cbaf5a5a880db4e137216bc4bd0110b0926004107a99d3c3"
"md","step-v-01-discovery","bmm","bmm/workflows/2-plan-workflows/create-prd/steps-v/step-v-01-discovery.md","690ea262af11533cf41158bd469f45d18f7b48208678fa9cabbb20a20ee32ebc"
"md","step-v-02-format-detection","bmm","bmm/workflows/2-plan-workflows/create-prd/steps-v/step-v-02-format-detection.md","251ea5a1cf7779db2dc39d5d8317976a27f84b421359c1974ae96c0943094341"
"md","step-v-02b-parity-check","bmm","bmm/workflows/2-plan-workflows/create-prd/steps-v/step-v-02b-parity-check.md","3481beae212bb0140c105d0ae87bb9714859c93a471048048512fd1278da2fcd"
"md","step-v-03-density-validation","bmm","bmm/workflows/2-plan-workflows/create-prd/steps-v/step-v-03-density-validation.md","5b95ecd032fb65f86b7eee7ce7c30c997dc2a8b5e4846d88c2853538591a9e40"
"md","step-v-04-brief-coverage-validation","bmm","bmm/workflows/2-plan-workflows/create-prd/steps-v/step-v-04-brief-coverage-validation.md","97eb248c7d67e6e5121dd0b020409583998fba433799ea4c5c8cb40c7ff9c7c1"
"md","step-v-05-measurability-validation","bmm","bmm/workflows/2-plan-workflows/create-prd/steps-v/step-v-05-measurability-validation.md","2f331ee6d4f174dec0e4b434bf7691bfcf3a13c6ee0c47a65989badaa6b6a28c"
"md","step-v-06-traceability-validation","bmm","bmm/workflows/2-plan-workflows/create-prd/steps-v/step-v-06-traceability-validation.md","970ea67486211a611a701e1490ab7e8f2f98060a9f78760b6ebfdb9f37743c74"
"md","step-v-07-implementation-leakage-validation","bmm","bmm/workflows/2-plan-workflows/create-prd/steps-v/step-v-07-implementation-leakage-validation.md","f75d1d808fdf3d61b15bea55418b82df747f45902b6b22fe541e83b4ea3fa465"
"md","step-v-08-domain-compliance-validation","bmm","bmm/workflows/2-plan-workflows/create-prd/steps-v/step-v-08-domain-compliance-validation.md","a1902baaf4eaaf946e5c2c2101a1ac46f8ee4397e599218b8dc030cd00c97512"
"md","step-v-09-project-type-validation","bmm","bmm/workflows/2-plan-workflows/create-prd/steps-v/step-v-09-project-type-validation.md","d53e95264625335184284d3f9d0fc6e7674f67bdf97e19362fc33df4bea7f096"
"md","step-v-10-smart-validation","bmm","bmm/workflows/2-plan-workflows/create-prd/steps-v/step-v-10-smart-validation.md","7f542991658eea079964d302eca16bb16e90e78d5b9f654229461d5fb3623df8"
"md","step-v-11-holistic-quality-validation","bmm","bmm/workflows/2-plan-workflows/create-prd/steps-v/step-v-11-holistic-quality-validation.md","b2176b9a8ae29c8edac62647084e3ff0eb2135382ada5cb5b47797f7a14ec345"
"md","step-v-12-completeness-validation","bmm","bmm/workflows/2-plan-workflows/create-prd/steps-v/step-v-12-completeness-validation.md","c966933a0ca3753db75591325cef4d4bdaf9639a1a63f9438758d32f7e1a1dda"
"md","step-v-13-report-complete","bmm","bmm/workflows/2-plan-workflows/create-prd/steps-v/step-v-13-report-complete.md","920b8dca01073fca21e94d37260c5d2b668b5c44497a9facf884259d5d80824c"
"md","tech-spec-template","bmm","bmm/workflows/bmad-quick-flow/bmad-quick-dev-new-preview/tech-spec-template.md","5d253f505d7584633efe55fe7b16a5bbd630708a075542a0e5f6b563ef1218b2"
"md","tech-spec-template","bmm","bmm/workflows/bmad-quick-flow/quick-spec/tech-spec-template.md","6e0ac4991508fec75d33bbe36197e1576d7b2a1ea7ceba656d616e7d7dadcf03"
"md","template","bmm","bmm/workflows/4-implementation/create-story/template.md","29ba697368d77e88e88d0e7ac78caf7a78785a7dcfc291082aa96a62948afb67"
"md","ux-design-template","bmm","bmm/workflows/2-plan-workflows/create-ux-design/ux-design-template.md","ffa4b89376cd9db6faab682710b7ce755990b1197a8b3e16b17748656d1fca6a"
"md","workflow","bmm","bmm/workflows/1-analysis/create-product-brief/workflow.md","3b0efaebdc6440dc75c6a24c17cbbf8dfb9583bf089f64408a4acf1674d483ad"
"md","workflow","bmm","bmm/workflows/2-plan-workflows/create-ux-design/workflow.md","21298564b342294f62339eda1b81aad392fca43e10e48f924a69cc3414dfb32d"
"md","workflow","bmm","bmm/workflows/3-solutioning/check-implementation-readiness/workflow.md","15ccd00030fa9cf406d50d6a2bd43a8966f1112a1d6fbc5be410c39f3f546a26"
"md","workflow","bmm","bmm/workflows/3-solutioning/create-architecture/workflow.md","4c1463096de99ed9130e73161744240a246bd08f6e6b72d1f2a2e606ac910394"
"md","workflow","bmm","bmm/workflows/3-solutioning/create-epics-and-stories/workflow.md","0e25a2680563be198875936db9c80c40f483b1e199050a89aef20ccb2a5b7377"
"md","workflow","bmm","bmm/workflows/4-implementation/code-review/workflow.md","e2a819c06263a22f912dbed0f7218913d737dd7e8651950fe4bdb67ec002ca29"
"md","workflow","bmm","bmm/workflows/4-implementation/correct-course/workflow.md","35694d88f34c47b5873d127bd824d731312a36e9ed5aaa0baaec13081da28f17"
"md","workflow","bmm","bmm/workflows/4-implementation/create-story/workflow.md","0d75fda6fb737445343e07b82b68449f14558d4aec13973f8e4c82d2c267d4f3"
"md","workflow","bmm","bmm/workflows/4-implementation/dev-story/workflow.md","0712a04f568d9badf8d6180fda381633d605aaed7be7a3734bb48734474a131b"
"md","workflow","bmm","bmm/workflows/4-implementation/retrospective/workflow.md","15a10c2fb84638b4199dc86d5a5d57be7de95332636c9b0b64dea84c8e0cb81a"
"md","workflow","bmm","bmm/workflows/4-implementation/sprint-planning/workflow.md","f55bcdf4aec667a9e48449299af38c10f686743f356fa348d3f432e236eccf63"
"md","workflow","bmm","bmm/workflows/4-implementation/sprint-status/workflow.md","240d612a1405967ac09fb1fa37cb483d2876c0a5c2722dff7e1dacd44e1c0627"
"md","workflow","bmm","bmm/workflows/bmad-quick-flow/bmad-quick-dev-new-preview/workflow.md","f1b9a75d5d3f783eeb87d40ed1f8e03b601b8f28bfca54ccc8751e29954d2a08"
"md","workflow","bmm","bmm/workflows/bmad-quick-flow/quick-dev/workflow.md","58f4b07f5f89cf545720b21667d6b5effe6d3a587e2aae1dac669ddd51f66dd8"
"md","workflow","bmm","bmm/workflows/bmad-quick-flow/quick-spec/workflow.md","68fa7a13049bde191c0a1dcb02b3398cbf5f897964f09d193eee2d03f30885e7"
"md","workflow","bmm","bmm/workflows/document-project/workflow.md","36a81ba33624a6bd013286700bb6e48dc6447f54e623afa8cdc7ac515609b892"
"md","workflow","bmm","bmm/workflows/generate-project-context/workflow.md","cd5be4cd8e119c652680fd9c28add994be40c48e1fca1a78b31d10eb99a7a740"
"md","workflow","bmm","bmm/workflows/qa-generate-e2e-tests/workflow.md","8da478226943806db9b607469a2667292c19b62cebe6790bfbaf9d33166bc3bd"
"md","workflow-create-prd","bmm","bmm/workflows/2-plan-workflows/create-prd/workflow-create-prd.md","b4d7376adfa8a2ec5fd62da51d9b19d7da16411dcd43a81224652e784dd6646c"
"md","workflow-domain-research","bmm","bmm/workflows/1-analysis/research/workflow-domain-research.md","6f09e3bcbf6f156b9fb9477dfaf3c076f030fde3a39d8317bb2cf6316718658f"
"md","workflow-edit-prd","bmm","bmm/workflows/2-plan-workflows/create-prd/workflow-edit-prd.md","c1786ba087f0f3b2b819a58309cb0742b8a56eb94271fe870579561a721c7936"
"md","workflow-market-research","bmm","bmm/workflows/1-analysis/research/workflow-market-research.md","ad12c80e4848bee2cb20818af7970efee508abcc98b026c2f873d7fa6b5ad2a5"
"md","workflow-technical-research","bmm","bmm/workflows/1-analysis/research/workflow-technical-research.md","1b88ee75dbf6b45910d37885ebbfe7f7a6cf78215a2da9bc86067cb7a9ce4e94"
"md","workflow-validate-prd","bmm","bmm/workflows/2-plan-workflows/create-prd/workflow-validate-prd.md","fe170fe82e944eddd0fc25bf6554b5f38663907afa28e093d1c8140039c63af4"
"yaml","bmad-skill-manifest","bmm","bmm/agents/bmad-skill-manifest.yaml","973b7097e5504c980e7548bf71e1e296b4a6265f5f288a82f9930d65e15ddee9"
"yaml","bmad-skill-manifest","bmm","bmm/agents/tech-writer/bmad-skill-manifest.yaml","a46d895577ce3019fc6b5f5a4c76f58c53e669efd198df7feeeb1b26bd8be415"
"yaml","bmad-skill-manifest","bmm","bmm/workflows/1-analysis/create-product-brief/bmad-skill-manifest.yaml","42b3f3571fea49c442c71c311af493223664214f2a435242d522fe9c3e8f192c"
"yaml","bmad-skill-manifest","bmm","bmm/workflows/1-analysis/research/bmad-skill-manifest.yaml","dbd3f8bc37b868f5ce86c0e0ac6cfcd126a5ca3b9426712db1e248752ac1f252"
"yaml","bmad-skill-manifest","bmm","bmm/workflows/2-plan-workflows/create-prd/bmad-skill-manifest.yaml","f4f6ae2046d89f9c87d13b47ab77a4d26402f3e6c0ce5dec106361f54897e8b7"
"yaml","bmad-skill-manifest","bmm","bmm/workflows/2-plan-workflows/create-ux-design/bmad-skill-manifest.yaml","d1da4f5eeebb345e70feaaa2f6547d25fb5782703a7a893fc04f349e032778c7"
"yaml","bmad-skill-manifest","bmm","bmm/workflows/3-solutioning/check-implementation-readiness/bmad-skill-manifest.yaml","19b65a55a271e264532681d7d0f2abecbd5aa4c126558c49fc1c229776aeb388"
"yaml","bmad-skill-manifest","bmm","bmm/workflows/3-solutioning/create-architecture/bmad-skill-manifest.yaml","595c859cbcf14b408f4c3a09c7f31ce91a59eeb4ff77aaa52aaf9b731a9e7c58"
"yaml","bmad-skill-manifest","bmm","bmm/workflows/3-solutioning/create-epics-and-stories/bmad-skill-manifest.yaml","a17a1f0f8e2987bb468784218a254259f50f2b5e4692a56657de969118722ea5"
"yaml","bmad-skill-manifest","bmm","bmm/workflows/4-implementation/code-review/bmad-skill-manifest.yaml","4a9c72a8014f9a1038307233317bf44af3c44a08b4db853a4a876426c98a839b"
"yaml","bmad-skill-manifest","bmm","bmm/workflows/4-implementation/correct-course/bmad-skill-manifest.yaml","beda6984417f575c941bbbff2a7c4d1b6e9df842e26dc034d70918a9ebe5f9cc"
"yaml","bmad-skill-manifest","bmm","bmm/workflows/4-implementation/create-story/bmad-skill-manifest.yaml","f0738eabb5dd9597bd2abdaddf08869526cfab2c8f327d98d4b2ddabd937233f"
"yaml","bmad-skill-manifest","bmm","bmm/workflows/4-implementation/dev-story/bmad-skill-manifest.yaml","b9117960489c052f86cdfba018b2bf250fdc52013df7b7290b9b040cc8f76f71"
"yaml","bmad-skill-manifest","bmm","bmm/workflows/4-implementation/retrospective/bmad-skill-manifest.yaml","8332aecb7b8a20876ad36a50f5766f4e2eeef3516d049c9a11cc4895d2ed2e88"
"yaml","bmad-skill-manifest","bmm","bmm/workflows/4-implementation/sprint-planning/bmad-skill-manifest.yaml","c6960e1033df45a05ef0e74ac9097f0eab3b31786c3858d5282976905f77ff44"
"yaml","bmad-skill-manifest","bmm","bmm/workflows/4-implementation/sprint-status/bmad-skill-manifest.yaml","d3c0073f0a3de15353900408e111d6c1b69d4b837b712a6a7ce5609d2a29fe4b"
"yaml","bmad-skill-manifest","bmm","bmm/workflows/bmad-quick-flow/bmad-quick-dev-new-preview/bmad-skill-manifest.yaml","ea1b058a23cd4fb442f2e7bc7a3a871b73391c0d18c32ddad020dd56b20425ee"
"yaml","bmad-skill-manifest","bmm","bmm/workflows/bmad-quick-flow/quick-dev/bmad-skill-manifest.yaml","7a7957400ae5eecc030bb3e82b3639ff32d158fa78a694c0bf66d28cb07d9a5a"
"yaml","bmad-skill-manifest","bmm","bmm/workflows/bmad-quick-flow/quick-spec/bmad-skill-manifest.yaml","c1c96e0a08906c121fd9b47fac3e5b6a74e0d720a519af1ba725bce65574cc35"
"yaml","bmad-skill-manifest","bmm","bmm/workflows/document-project/bmad-skill-manifest.yaml","64fb7247c416196bbaa93aa562e574f2da02738380b5ed88136ae39943fcb735"
"yaml","bmad-skill-manifest","bmm","bmm/workflows/generate-project-context/bmad-skill-manifest.yaml","55b2795bcd52f8368ea9b5671d7102a0baf397e5443d8ea790221b3e0a08e8a5"
"yaml","bmad-skill-manifest","bmm","bmm/workflows/qa-generate-e2e-tests/bmad-skill-manifest.yaml","2949e748fc8fc003ca1c6ddb60cfd0c3e97deba0502fda261fba831a5adc3a0e"
"yaml","config","bmm","bmm/config.yaml","5623252f29e54d176ff7ac784fc686160ca4efd98a37106603dd4deccc55804e"
"yaml","sprint-status-template","bmm","bmm/workflows/4-implementation/sprint-planning/sprint-status-template.yaml","b46a7bfb7d226f00bd064f111e527eee54ad470d177382a9a15f1a6dde21544c"
"yaml","team-fullstack","bmm","bmm/teams/team-fullstack.yaml","da8346b10dfad8e1164a11abeb3b0a84a1d8b5f04e01e8490a44ffca477a1b96"
"csv","default-party","cis","cis/teams/default-party.csv","e27e5a0480f41760da2fde5aeeccd425dae9c4a654105aab329ee1562cc83392"
"csv","design-methods","cis","cis/workflows/design-thinking/design-methods.csv","97a1fa87aaa355ce855c2c4e3bbfde59cb4ed2166cf9896496af786f10c13459"
"csv","innovation-frameworks","cis","cis/workflows/innovation-strategy/innovation-frameworks.csv","bd1d191062302353d2562a54751f8f263ce47e143202e2c0fe41315c2be9eb95"
"csv","module-help","cis","cis/module-help.csv","b55259cda5cc5d3facb33d673c783bd188500410ed1042bd792951760998cc63"
"csv","solving-methods","cis","cis/workflows/problem-solving/solving-methods.csv","f3a380b12b21ec2410d1ac44bc8ca1970b0a04a21bfe3dd0370ac7ed1ec0d2c0"
"csv","story-types","cis","cis/workflows/storytelling/story-types.csv","8cf3d49d3ce771f30b6d9c0c936d35f92b8af23e0962c876df832c02d605f1ce"
"md","instructions","cis","cis/workflows/design-thinking/instructions.md","b0a3e02f516bebe0144584ca78bb265cadc1bf2d693da945056117aaf58db5d2"
"md","instructions","cis","cis/workflows/innovation-strategy/instructions.md","bbcf33febc8d0c955a0e6b33ae36dbcbb20f98133183f870c7aae44678248859"
"md","instructions","cis","cis/workflows/problem-solving/instructions.md","5c215099daea5a941aacc32bb5e554f03ce6a08ca5d6ad134ad1de82cb9df59e"
"md","instructions","cis","cis/workflows/storytelling/instructions.md","1856d7f9ea7ec859c188630a6fafbccaaa05e9c8ea5463668842cc74a00d5c7e"
"md","README","cis","cis/workflows/design-thinking/README.md","c6eab6e3fe96a97731cc2b7d8d6ea20f5a9664d19f03fc5b2b34e1ac8952142e"
"md","README","cis","cis/workflows/innovation-strategy/README.md","88ab818502bf35c3e99eb8e277aa10244834b013913ecebd1de1449e54944650"
"md","README","cis","cis/workflows/problem-solving/README.md","1eb1bb254b197817249d53af6241cc8af5d9b324e6420eecb53c646ac1ffff8f"
"md","README","cis","cis/workflows/README.md","0488dc66b7b67b400289634b1a2f6acd10f87614fa3473b417ecb9f4c7e152a7"
"md","README","cis","cis/workflows/storytelling/README.md","c82b12133c5057c546c96432d574aa035ab1446178f9c64d247cdda9e1e2bfe4"
"md","template","cis","cis/workflows/design-thinking/template.md","7bcf6d0cd09de3c0d91f3f49ee280177365dabb64ed814b97e83e73082643c37"
"md","template","cis","cis/workflows/innovation-strategy/template.md","ab574d69fa13e21c806101a9089563b541013f6df44255d800ea24d4cb6d7136"
"md","template","cis","cis/workflows/problem-solving/template.md","c46fbdf42a1d9ad732f562e4add05020198ffc7ba18d134718e1cd960752c390"
"md","template","cis","cis/workflows/storytelling/template.md","290615dbd530dc13843a87ebedd107b390bcfd57cf68df67cd250dea8f49b2dd"
"yaml","config","cis","cis/config.yaml","be288fac9f89470ee7119ff625288c7696659b80712c4dec563bb48b76d821c3"
"yaml","creative-squad","cis","cis/teams/creative-squad.yaml","5e1033c95a9679e2f8688be4409104aa0b98c6503abb0512447b6d7541dd4f61"
"yaml","workflow","cis","cis/workflows/design-thinking/workflow.yaml","963b2be732453ac683678c835efe239256e344ab32fb7749454230ac8bec381c"
"yaml","workflow","cis","cis/workflows/innovation-strategy/workflow.yaml","925d16e2259f30a9e4825c8910dad443b20a05199de03153348d0000ff404837"
"yaml","workflow","cis","cis/workflows/problem-solving/workflow.yaml","48aa0cdd471519ce2a20cde8d588040bedc735778414c336c252a14c93793db1"
"yaml","workflow","cis","cis/workflows/storytelling/workflow.yaml","f10644ffdf7646546696255ff8b946d182f9d3e09c83839b46ac6f625149e80e"
"csv","brain-methods","core","core/workflows/bmad-brainstorming/brain-methods.csv","0ab5878b1dbc9e3fa98cb72abfc3920a586b9e2b42609211bb0516eefd542039"
"csv","methods","core","core/workflows/advanced-elicitation/methods.csv","e08b2e22fec700274982e37be608d6c3d1d4d0c04fa0bae05aa9dba2454e6141"
"csv","module-help","core","core/module-help.csv","7a8f0a0ef5446ce2bdfb5bb56a48e24a4f784f875ddffd6df500b3528d90222d"
"md","SKILL","core","core/tasks/bmad-editorial-review-prose/SKILL.md","84c66b7bcf23c38f2933823e9719eeac270c16a7d1cf002476d9fd3fb457d65b"
"md","SKILL","core","core/tasks/bmad-editorial-review-structure/SKILL.md","467da1b30b94d9c4856b12fc019f46514c11da30dd66785536f13a3a933e56c5"
"md","SKILL","core","core/tasks/bmad-help/SKILL.md","76e2e465a8f2726c135a3835c520ed2e8752b416a5199938e6226ce6a3dec64b"
"md","SKILL","core","core/tasks/bmad-index-docs/SKILL.md","8e4c962c18474b0d5296a1edb8cfd73df587a3b00bd8c57fa3c62ba3425fa418"
"md","SKILL","core","core/tasks/bmad-review-adversarial-general/SKILL.md","6efa7c2a3d787f7659fc694425080f383fa4a9aba969f47b4920dc027f33bcee"
"md","SKILL","core","core/tasks/bmad-review-edge-case-hunter/SKILL.md","d27d976de6244e37577e876992d5756c408c7cd4f357bef57f6bc593ad0c0d45"
"md","SKILL","core","core/tasks/bmad-shard-doc/SKILL.md","dee71f825fbc559034bb25340d3286b0167017a7e80148ac314d240e88f737eb"
"md","SKILL","core","core/workflows/bmad-brainstorming/SKILL.md","f1a7684fffc5cc53ed2c195f728e94fbb61a8587f00b0b1fe0babd5def28efdd"
"md","SKILL","core","core/workflows/bmad-party-mode/SKILL.md","0cf1d1915a9b64c0e09d20e8a873680f7dafc19918ab5617c8e39c5a6ee0152d"
"md","step-01-agent-loading","core","core/workflows/bmad-party-mode/steps/step-01-agent-loading.md","04ab6b6247564f7edcd5c503f5ca7d27ae688b09bbe2e24345550963a016e9f9"
"md","step-01-session-setup","core","core/workflows/bmad-brainstorming/steps/step-01-session-setup.md","a2376d8394fb84e3b5b45c7ecfe00c8f5ae0a0737f547d03108e735e41b99412"
"md","step-01b-continue","core","core/workflows/bmad-brainstorming/steps/step-01b-continue.md","bb88e341a25e5e33d533046470a6a4e828ff427066f49bf29ccd22c507c7f726"
"md","step-02-discussion-orchestration","core","core/workflows/bmad-party-mode/steps/step-02-discussion-orchestration.md","a8a79890bd03237e20f1293045ecf06f9a62bc590f5c2d4f88e250cee40abb0b"
"md","step-02a-user-selected","core","core/workflows/bmad-brainstorming/steps/step-02a-user-selected.md","558b162466745b92687a5d6e218f243a98436dd177b2d5544846c5ff4497cc94"
"md","step-02b-ai-recommended","core","core/workflows/bmad-brainstorming/steps/step-02b-ai-recommended.md","99aa935279889f278dcb2a61ba191600a18e9db356dd8ce62f0048d3c37c9531"
"md","step-02c-random-selection","core","core/workflows/bmad-brainstorming/steps/step-02c-random-selection.md","f188c260c321c7f026051fefcd267a26ee18ce2a07f64bab7f453c0c3e483316"
"md","step-02d-progressive-flow","core","core/workflows/bmad-brainstorming/steps/step-02d-progressive-flow.md","a28c7a3edf34ceb0eea203bf7dc80f39ca04974f6d1ec243f0a088281b2e55de"
"md","step-03-graceful-exit","core","core/workflows/bmad-party-mode/steps/step-03-graceful-exit.md","85e87df198fbb7ce1cf5e65937c4ad6f9ab51a2d80701979570f00519a2d9478"
"md","step-03-technique-execution","core","core/workflows/bmad-brainstorming/steps/step-03-technique-execution.md","1b0557e3114bf525779f4121b82d0046067a2a11e8052aad4c7a367270d45b7c"
"md","step-04-idea-organization","core","core/workflows/bmad-brainstorming/steps/step-04-idea-organization.md","cec7bc5c28248afb3282d7a5fcafed184371462417326dec38b89b157e2cffa6"
"md","template","core","core/workflows/bmad-brainstorming/template.md","5c99d76963eb5fc21db96c5a68f39711dca7c6ed30e4f7d22aedee9e8bb964f9"
"md","workflow","core","core/tasks/bmad-editorial-review-prose/workflow.md","998ad2589728fac834820639886744bb3d1606674a1b2a1ab0da47fae8eb3e50"
"md","workflow","core","core/tasks/bmad-editorial-review-structure/workflow.md","ea2ab3dc9e586b1cc962371eac3e894719752536d3d8b6d68892d5aa68a46505"
"md","workflow","core","core/tasks/bmad-help/workflow.md","e610f8be8f1a5742cea912378ffbe2f580b20ee5c6c6f13bdbbab61dd98ef567"
"md","workflow","core","core/tasks/bmad-index-docs/workflow.md","295495eb83ee0f167629b1eafb906e02eb7e151b2378f4858a1fd23c130c3bce"
"md","workflow","core","core/tasks/bmad-review-adversarial-general/workflow.md","dd6f172ecec5f5a3aa94904b96f53dbc0d8560e93aaf16f23b801c5649b2d798"
"md","workflow","core","core/tasks/bmad-review-edge-case-hunter/workflow.md","77b50cf0a221eb6ff90a824593feac4f04fc7f694d4791e0fa9599e5919b54aa"
"md","workflow","core","core/tasks/bmad-shard-doc/workflow.md","0188bc74dc52d7cdc45106fcb087eabbbc645b49f2ededb797d57bdde4e9b02d"
"md","workflow","core","core/workflows/advanced-elicitation/workflow.md","bcf942236820614f81df14e29a897c08539cb4fa1cd043795a741bed85e0bfb6"
"md","workflow","core","core/workflows/bmad-brainstorming/workflow.md","44d1a899fb50728bfbab489e562c0413fca925d0bb579a35379e642a5ae60cd0"
"md","workflow","core","core/workflows/bmad-party-mode/workflow.md","e4f7328ccac68ecb7fb346c6b8f4e2e52171b63cff9070c0b382124872e673cb"
"yaml","bmad-skill-manifest","core","core/agents/bmad-skill-manifest.yaml","8f998d8c2b4b37de894e302a79916826b390049d15f96c5a4c8f5440dedf6e86"
"yaml","bmad-skill-manifest","core","core/tasks/bmad-editorial-review-prose/bmad-skill-manifest.yaml","ea1b058a23cd4fb442f2e7bc7a3a871b73391c0d18c32ddad020dd56b20425ee"
"yaml","bmad-skill-manifest","core","core/tasks/bmad-editorial-review-structure/bmad-skill-manifest.yaml","ea1b058a23cd4fb442f2e7bc7a3a871b73391c0d18c32ddad020dd56b20425ee"
"yaml","bmad-skill-manifest","core","core/tasks/bmad-help/bmad-skill-manifest.yaml","ea1b058a23cd4fb442f2e7bc7a3a871b73391c0d18c32ddad020dd56b20425ee"
"yaml","bmad-skill-manifest","core","core/tasks/bmad-index-docs/bmad-skill-manifest.yaml","ea1b058a23cd4fb442f2e7bc7a3a871b73391c0d18c32ddad020dd56b20425ee"
"yaml","bmad-skill-manifest","core","core/tasks/bmad-review-adversarial-general/bmad-skill-manifest.yaml","ea1b058a23cd4fb442f2e7bc7a3a871b73391c0d18c32ddad020dd56b20425ee"
"yaml","bmad-skill-manifest","core","core/tasks/bmad-review-edge-case-hunter/bmad-skill-manifest.yaml","ea1b058a23cd4fb442f2e7bc7a3a871b73391c0d18c32ddad020dd56b20425ee"
"yaml","bmad-skill-manifest","core","core/tasks/bmad-shard-doc/bmad-skill-manifest.yaml","ea1b058a23cd4fb442f2e7bc7a3a871b73391c0d18c32ddad020dd56b20425ee"
"yaml","bmad-skill-manifest","core","core/workflows/advanced-elicitation/bmad-skill-manifest.yaml","f320bdb329e44f842e88cb9267555bdc023a581cd918abf6e7d7707be8060ba1"
"yaml","bmad-skill-manifest","core","core/workflows/bmad-brainstorming/bmad-skill-manifest.yaml","ea1b058a23cd4fb442f2e7bc7a3a871b73391c0d18c32ddad020dd56b20425ee"
"yaml","bmad-skill-manifest","core","core/workflows/bmad-party-mode/bmad-skill-manifest.yaml","ea1b058a23cd4fb442f2e7bc7a3a871b73391c0d18c32ddad020dd56b20425ee"
"yaml","config","core","core/config.yaml","0de91ea4edbd9068b2919b4e8bb42b7588adf814c0a1c1cc442046554f961700"
"csv","default-party","tea","tea/teams/default-party.csv","57d37bcec4ae7ba568ec34d1c092b26eba461b1c5c44e43ac6fe82774e13f3fd"
"csv","module-help","tea","tea/module-help.csv","8c25a2ed973d0e3ac2d3485fe21527271864eed46c74417389063bead8ea59cc"
"csv","tea-index","tea","tea/testarch/tea-index.csv","97ab0b459d89fa419f7d58f5428b5585db82c3dbae4dfbe54c852fc14c999d32"
"groovy","jenkins-pipeline-template","tea","tea/workflows/testarch/bmad-testarch-ci/jenkins-pipeline-template.groovy","ae865401625d2d20b9396d41e333f39bc167967e1949761301e551131c4c7958"
"md","adr-quality-readiness-checklist","tea","tea/testarch/knowledge/adr-quality-readiness-checklist.md","34bf3460bd3218ce00efc148137f2dc67dfac2d69215c362978ca688e2fe4420"
"md","api-request","tea","tea/testarch/knowledge/api-request.md","ec62463549c406685beec789c6e363a88bcf4b082eb1ea79a071d57d5bd32a9c"
"md","api-testing-patterns","tea","tea/testarch/knowledge/api-testing-patterns.md","b9f90153a17cd5a1545a8693aff5088dd3c0261baf9a710f342cf3e62b60913c"
"md","atdd-checklist-template","tea","tea/workflows/testarch/bmad-testarch-atdd/atdd-checklist-template.md","e10b32ae4eba5c50754306bdbf49b822a279b9385c47b5e0e00f86241a655415"
"md","auth-session","tea","tea/testarch/knowledge/auth-session.md","52c284351bff80dfd76823164065e11a8e64ebe9852d56aff9f5cc6c5daf91a8"
"md","burn-in","tea","tea/testarch/knowledge/burn-in.md","e2d9e0f3a1072f24f07d0dc555af1e2e7c632257acf9bc9f957aba33e70483ec"
"md","certificate-template","tea","tea/workflows/testarch/bmad-teach-me-testing/templates/certificate-template.md","402b87fe37cf60b79fb814ef95aba249fed1ee54fdc1f14b48cdcbacfb748b43"
"md","checklist","tea","tea/workflows/testarch/bmad-teach-me-testing/checklist.md","1307c206819ba4be6fea4d020a71e1288e8f65cbd7c12ea3e8295c09562a0502"
"md","checklist","tea","tea/workflows/testarch/bmad-testarch-atdd/checklist.md","a33a144d331e642a1d514a9485bc820832b7e2e913ec0de8a72e5afa88bcde5b"
"md","checklist","tea","tea/workflows/testarch/bmad-testarch-automate/checklist.md","8fd2732067a62ab138d70f2c922c215199cf0db4e6c74c40acb1fa2b0880982a"
"md","checklist","tea","tea/workflows/testarch/bmad-testarch-ci/checklist.md","e0b04864e46012e7ffc5908cd95a929bbd1d4a3b63b6aef34b086af7a4bc7b1e"
"md","checklist","tea","tea/workflows/testarch/bmad-testarch-framework/checklist.md","8b58394515e85df49bd14601cf7fe3702a52fafb427dbdce0f8d130d640b3e25"
"md","checklist","tea","tea/workflows/testarch/bmad-testarch-nfr/checklist.md","e37368b559bcafcac645d150f3202dd8ac2f067c8186ef6f51bc3a5716187642"
"md","checklist","tea","tea/workflows/testarch/bmad-testarch-test-design/checklist.md","634e48394ca367e2438d1fc72acf2bda941ce6a581335b6d02c270948e58f193"
"md","checklist","tea","tea/workflows/testarch/bmad-testarch-test-review/checklist.md","7b5abe644e04659a1f77a1294d899e532b21a702da049e08b8f4a2c23fb8cf41"
"md","checklist","tea","tea/workflows/testarch/bmad-testarch-trace/checklist.md","a47a41d251c1c69531389954c35586e95d128c152c4527abc1b0e7c4a46c2ffc"
"md","ci-burn-in","tea","tea/testarch/knowledge/ci-burn-in.md","4b16166d59e74d29a6a9f5a17f84245505d7d9ce47b17138c7a44d885b7eaa5c"
"md","component-tdd","tea","tea/testarch/knowledge/component-tdd.md","1acb4c48b2f924f60ed6784955597c17120466d5dc24d2e43e4b0a1bd0e61aae"
"md","contract-testing","tea","tea/testarch/knowledge/contract-testing.md","55080c713b0ab57164d67538c216f92a833abc43925357030ea2d448d81ec2f1"
"md","data-factories","tea","tea/testarch/knowledge/data-factories.md","c98dab79a9064d45402dbe0a5c25a1d82b53557c56e3f142023bf907e2b98d53"
"md","email-auth","tea","tea/testarch/knowledge/email-auth.md","1265f30cdd7b85f164769abf4f6ea86b6abec3acd90653e646a9c9ee17176963"
"md","error-handling","tea","tea/testarch/knowledge/error-handling.md","9122f09fed1f52a679cb513d5d3c7c93c66e9021ee58e99fd66692e50db28be4"
"md","feature-flags","tea","tea/testarch/knowledge/feature-flags.md","37286f0ab1ce44e6d6708cea3118be628e79ca7afdda9cb3084c3d86e07f2f6d"
"md","file-utils","tea","tea/testarch/knowledge/file-utils.md","f348141dc7c2fd75712bdf0074ba292469dd54be20b786a893d21cd85a0f6f0e"
"md","fixture-architecture","tea","tea/testarch/knowledge/fixture-architecture.md","636a022ba08faad496c24fdbef2ddff9081a03b608fa6eadd4301e5ebbb1cd0c"
"md","fixtures-composition","tea","tea/testarch/knowledge/fixtures-composition.md","5031a64c2b00784b9a0dcb18eaf2beb7f9a8a0d7727acfd0e27430b316e696f1"
"md","instructions","tea","tea/workflows/testarch/bmad-teach-me-testing/instructions.md","2a5782a223f4b881b7a8f89f275dac5894324512238292b52d7c0a451a82e10b"
"md","instructions","tea","tea/workflows/testarch/bmad-testarch-atdd/instructions.md","06b40fa31b161afe91b34a28dd3aa569162996905d2d29e78e23644c576ddb01"
"md","instructions","tea","tea/workflows/testarch/bmad-testarch-automate/instructions.md","f7ffbd4cf5f49066c93449d2a823499430e590a31a9039c8c72196d533262e5e"
"md","instructions","tea","tea/workflows/testarch/bmad-testarch-ci/instructions.md","4cad492a4b6ba9096ee115dbd1ba2c1251820e7bf5aa70f6575f45969a5beaba"
"md","instructions","tea","tea/workflows/testarch/bmad-testarch-framework/instructions.md","d52e170fc79657495c191d076d937ad91d93fd51517c1c31dc84ca52fc69fe48"
"md","instructions","tea","tea/workflows/testarch/bmad-testarch-nfr/instructions.md","3f04f3a22a9c11a5dad9d39548ea37a8019945458e800e5c7a2fd8ac85f619f3"
"md","instructions","tea","tea/workflows/testarch/bmad-testarch-test-design/instructions.md","824af95fe5cfc729b5bc4b5e029baf2f207e5a6ab753c80d18c94611cf6f381d"
"md","instructions","tea","tea/workflows/testarch/bmad-testarch-test-review/instructions.md","6cbe1eda5ded309e0a4d571abc8bdec8b93d59f6d7f4b721ed722cf90e6654a8"
"md","instructions","tea","tea/workflows/testarch/bmad-testarch-trace/instructions.md","c69373a4c3b498b9cc6c1cdb7fa824c72fe52768a3cfc4c7e507215071e336e9"
"md","intercept-network-call","tea","tea/testarch/knowledge/intercept-network-call.md","47c84d6091054f576a190b01b985ed5914880cd6a9c728458a3812c67185f268"
"md","log","tea","tea/testarch/knowledge/log.md","76966ff3bd15e5afa47ab71decc1b7c0a65f7ea7751ac5a9196ba3c0e9e0e6cb"
"md","network-error-monitor","tea","tea/testarch/knowledge/network-error-monitor.md","4c517d05583bac0fb4b92413b4daee814c87de37ca41f39149864f688c25f67c"
"md","network-first","tea","tea/testarch/knowledge/network-first.md","257fe61ec77020d024f7ddf4f6c5c965f6c4632a469d942278c7337abc8621b7"
"md","network-recorder","tea","tea/testarch/knowledge/network-recorder.md","d0ae003638655c8f26a36bbccc06bf362302116979ea88c1c15e89753714c059"
"md","nfr-criteria","tea","tea/testarch/knowledge/nfr-criteria.md","5d5f9acfeb6a98f2ef7ee8707bbac3ab37d9c191c443c1e944dee70cf3f9963a"
"md","nfr-report-template","tea","tea/workflows/testarch/bmad-testarch-nfr/nfr-report-template.md","2ea61f39299a1c8a52e053721f57deb0bd054bd6e75c6e21fe9d2b5c5f4d21ec"
"md","overview","tea","tea/testarch/knowledge/overview.md","dfd5bd12b7dd4a347d01fc659745aafd192c0b2e5fd9ec6424f0035355a82aae"
"md","pact-consumer-di","tea","tea/testarch/knowledge/pact-consumer-di.md","0ee1edcedb2c145885dbc0bc7504187bfc1679ceedee84e0d650e7dbd32cf06d"
"md","pact-consumer-framework-setup","tea","tea/testarch/knowledge/pact-consumer-framework-setup.md","e3e5f12d21456e57c60c3ace467aea7fb3099cb02beacafd0548555ee9bca813"
"md","pact-mcp","tea","tea/testarch/knowledge/pact-mcp.md","83240abe8ae243f4c07b572c34295fc9a59a74ae8ace8fafc17462a327b8d2b4"
"md","pactjs-utils-consumer-helpers","tea","tea/testarch/knowledge/pactjs-utils-consumer-helpers.md","c8ad1d8ba2890c03741f6e24bec828278dedf22d0f2c3f46bde80da1a9489e26"
"md","pactjs-utils-overview","tea","tea/testarch/knowledge/pactjs-utils-overview.md","63ca7cd096c73cd59842ee5d67956077369bc3696530d954931612b561606a1c"
"md","pactjs-utils-provider-verifier","tea","tea/testarch/knowledge/pactjs-utils-provider-verifier.md","541e09c00db0212deb212320528c202e17586656a8d512eecfe1ab1ece9b661d"
"md","pactjs-utils-request-filter","tea","tea/testarch/knowledge/pactjs-utils-request-filter.md","1312867725f49fe8ff9a136a90dc82becdab345d724a568a7f50abba31ee8f7c"
"md","playwright-cli","tea","tea/testarch/knowledge/playwright-cli.md","63bab2ba4444ac43d5105273aafdfd6e114ac57f37c9e830fc6c09ff22bc843e"
"md","playwright-config","tea","tea/testarch/knowledge/playwright-config.md","cb0b56df946a69f275cfd686b4a9a612a0ecb4ec8a7ff8a5b64c15396928721d"
"md","probability-impact","tea","tea/testarch/knowledge/probability-impact.md","c582f4e681758b8c84ca2de003aa7133913326ac2c398b6c0e802914919b8333"
"md","README","tea","tea/workflows/testarch/README.md","8b0ba81a0cb23ecbfadd0f424f5292f90e12ab95daab921c273073001b39c194"
"md","recurse","tea","tea/testarch/knowledge/recurse.md","758e81e7d8feb48c707fba65dade45d9bb93afc06d35ec54469af2af62980960"
"md","risk-governance","tea","tea/testarch/knowledge/risk-governance.md","a290f259585eee2e0076bc6f14685acbbe6a6595b280a12bc6465797ec9e3592"
"md","selective-testing","tea","tea/testarch/knowledge/selective-testing.md","16846e37e52116f2c8fb7b928cd1a36ecd5de308a97e22b7b71bf6012720cc19"
"md","selector-resilience","tea","tea/testarch/knowledge/selector-resilience.md","27017332dd7d25c86ef39bbf8aec4ace89ee05bed56b6fdae639078c9e725d15"
"md","session-notes-template","tea","tea/workflows/testarch/bmad-teach-me-testing/templates/session-notes-template.md","e22954ab5200bd31dbe4f458746f854fe83a4bdbf848254da71650d6d94e4869"
"md","SKILL","tea","tea/workflows/testarch/bmad-teach-me-testing/SKILL.md","7bca9f657ad9d88fa067dfffb737b3aec2c5f3d18614d6a162f141966aefeab8"
"md","SKILL","tea","tea/workflows/testarch/bmad-testarch-atdd/SKILL.md","f32cda9320d46230735b5edf1dd28d4a14682d633713b7d973142af4106c5941"
"md","SKILL","tea","tea/workflows/testarch/bmad-testarch-automate/SKILL.md","46a6def223d2c224cc2e482b3d02f6391a2587604c3ee29e7bebc100b87dcd48"
"md","SKILL","tea","tea/workflows/testarch/bmad-testarch-ci/SKILL.md","3bc148831b898e6cf32c9915090f71700322d3cf8dba2e5e29d8e046d283ace0"
"md","SKILL","tea","tea/workflows/testarch/bmad-testarch-framework/SKILL.md","39703d3398ecaa8d079205d78a3f080b452fad1af488e8af460e7ad3fce8d49f"
"md","SKILL","tea","tea/workflows/testarch/bmad-testarch-nfr/SKILL.md","5e8b56bdadf4c8414b69837b22a0d4e9d65f71038eb6e5dc37e26668b18f0177"
"md","SKILL","tea","tea/workflows/testarch/bmad-testarch-test-design/SKILL.md","232f14dd77f107e0da95bd93730a3a943443c4503269b99fdb33680c53e22f32"
"md","SKILL","tea","tea/workflows/testarch/bmad-testarch-test-review/SKILL.md","36c82ad53616688087e7c1fd302f041119a32c37121ecab761b8c5b62a9813ef"
"md","SKILL","tea","tea/workflows/testarch/bmad-testarch-trace/SKILL.md","1b6c2a5b47067a9cb835c9147031a6148165008a88a10cf9ba7a8b630a06a161"
"md","step-01-assess","tea","tea/workflows/testarch/bmad-testarch-atdd/steps-e/step-01-assess.md","0da7cee58c923708334665bdaf5b50b4f0c6f9276b44fd6864d604809ed8db08"
"md","step-01-assess","tea","tea/workflows/testarch/bmad-testarch-automate/steps-e/step-01-assess.md","0da7cee58c923708334665bdaf5b50b4f0c6f9276b44fd6864d604809ed8db08"
"md","step-01-assess","tea","tea/workflows/testarch/bmad-testarch-ci/steps-e/step-01-assess.md","0da7cee58c923708334665bdaf5b50b4f0c6f9276b44fd6864d604809ed8db08"
"md","step-01-assess","tea","tea/workflows/testarch/bmad-testarch-framework/steps-e/step-01-assess.md","0da7cee58c923708334665bdaf5b50b4f0c6f9276b44fd6864d604809ed8db08"
"md","step-01-assess","tea","tea/workflows/testarch/bmad-testarch-nfr/steps-e/step-01-assess.md","0da7cee58c923708334665bdaf5b50b4f0c6f9276b44fd6864d604809ed8db08"
"md","step-01-assess","tea","tea/workflows/testarch/bmad-testarch-test-design/steps-e/step-01-assess.md","0da7cee58c923708334665bdaf5b50b4f0c6f9276b44fd6864d604809ed8db08"
"md","step-01-assess","tea","tea/workflows/testarch/bmad-testarch-test-review/steps-e/step-01-assess.md","0da7cee58c923708334665bdaf5b50b4f0c6f9276b44fd6864d604809ed8db08"
"md","step-01-assess","tea","tea/workflows/testarch/bmad-testarch-trace/steps-e/step-01-assess.md","0da7cee58c923708334665bdaf5b50b4f0c6f9276b44fd6864d604809ed8db08"
"md","step-01-detect-mode","tea","tea/workflows/testarch/bmad-testarch-test-design/steps-c/step-01-detect-mode.md","9d3c4f94dd9765b930260a2a12b0c2f0d21913579b6389b4f713fab4e07d2c67"
"md","step-01-init","tea","tea/workflows/testarch/bmad-teach-me-testing/steps-c/step-01-init.md","2ab1093556d719fb69a573a9c5dc855ca252776a0f0513fba56c9a93bc790ab8"
"md","step-01-load-context","tea","tea/workflows/testarch/bmad-testarch-nfr/steps-c/step-01-load-context.md","468400ade8aafd74ad0b45bd9be0c29e3cea31750160ca6adc34f12c0d22630a"
"md","step-01-load-context","tea","tea/workflows/testarch/bmad-testarch-test-review/steps-c/step-01-load-context.md","d679190b390d20966942612199a020dfb3563df72c2fadceb8971b563918534c"
"md","step-01-load-context","tea","tea/workflows/testarch/bmad-testarch-trace/steps-c/step-01-load-context.md","bd620269796a591fb28060523ab072940e60184ed01dda5cab2910720f1a4a0b"
"md","step-01-preflight","tea","tea/workflows/testarch/bmad-testarch-ci/steps-c/step-01-preflight.md","d6fbec1390c6dd2fc49b4cb02eac04bbf9652e1d13741657fd4f4babb1eb1b4b"
"md","step-01-preflight","tea","tea/workflows/testarch/bmad-testarch-framework/steps-c/step-01-preflight.md","5c47a9122b34e7c3aefa625a90b016ad825cecd0185574cfb30ab6742c5f02b7"
"md","step-01-preflight-and-context","tea","tea/workflows/testarch/bmad-testarch-atdd/steps-c/step-01-preflight-and-context.md","2b2a621b7f18e0fa082397fe75cbc5225358398f66309a58cee7e014624f9b14"
"md","step-01-preflight-and-context","tea","tea/workflows/testarch/bmad-testarch-automate/steps-c/step-01-preflight-and-context.md","d401896a1f718650b69e198e47dc83a81ba9bad1a6d1fa462f830050f4403594"
"md","step-01-validate","tea","tea/workflows/testarch/bmad-testarch-atdd/steps-v/step-01-validate.md","fb607dc904d4444956825b07145cf84d553948b39649e8bcdec2d7021473f5ce"
"md","step-01-validate","tea","tea/workflows/testarch/bmad-testarch-automate/steps-v/step-01-validate.md","82e552d7d0b259ae02e4006e05531f0e0865852ece082e5db2bb4197f34bbea7"
"md","step-01-validate","tea","tea/workflows/testarch/bmad-testarch-ci/steps-v/step-01-validate.md","d6dd8df1531548ae4f79282e9131cee1c2e791abfb2c3f760997b5a9f1a7d1f9"
"md","step-01-validate","tea","tea/workflows/testarch/bmad-testarch-framework/steps-v/step-01-validate.md","cbe878bd1c78da42bfb6e3655c8b53db1919c8c58c0d5c0c2ee8ae6ebed2ba80"
"md","step-01-validate","tea","tea/workflows/testarch/bmad-testarch-nfr/steps-v/step-01-validate.md","403c66b27c0c754da67ee56f1ec626e2a777653c2f309a6bf4ac6fbe323a2fac"
"md","step-01-validate","tea","tea/workflows/testarch/bmad-testarch-test-design/steps-v/step-01-validate.md","dddd6dfde8240eccc74f05cefdf1189b3702ada7372968ba8e1a1675454b74df"
"md","step-01-validate","tea","tea/workflows/testarch/bmad-testarch-test-review/steps-v/step-01-validate.md","832c320ecc2bb2d7f1025ab155dc128593a4571051f15aaa23dbfbb57469d3bb"
"md","step-01-validate","tea","tea/workflows/testarch/bmad-testarch-trace/steps-v/step-01-validate.md","2b5da1036d9d2aedaf6b5476cd8d94aa22d86ff06a0fab06740aef908d86ed03"
"md","step-01b-continue","tea","tea/workflows/testarch/bmad-teach-me-testing/steps-c/step-01b-continue.md","cceaf696a390d43802a8155c50f65f47cb9885587199db910169beba41d31b45"
"md","step-01b-resume","tea","tea/workflows/testarch/bmad-testarch-atdd/steps-c/step-01b-resume.md","0012c1f398c03389c4c0b9833f1ef7bbbb59e886837d09160790757528d63a02"
"md","step-01b-resume","tea","tea/workflows/testarch/bmad-testarch-automate/steps-c/step-01b-resume.md","964342ec321adc0397ddbf51dd3c0e194b406b752d948ae9a115b5898c8b65e9"
"md","step-01b-resume","tea","tea/workflows/testarch/bmad-testarch-ci/steps-c/step-01b-resume.md","12de739385eaf55e31aaed64b8608324d3c6fd247f22378a630810cbace44798"
"md","step-01b-resume","tea","tea/workflows/testarch/bmad-testarch-framework/steps-c/step-01b-resume.md","25e2623397b2144f50bd0906186d72117a9c005e75583e0e3968111e3fdaef4b"
"md","step-01b-resume","tea","tea/workflows/testarch/bmad-testarch-nfr/steps-c/step-01b-resume.md","43f7133fd110c9c8aa3edab7f02a344f08aaa7bcfd70ae8ed9803ff670dabc22"
"md","step-01b-resume","tea","tea/workflows/testarch/bmad-testarch-test-design/steps-c/step-01b-resume.md","490487dca414ed1a072acb0cc8f496d825b14dd3b06870823ee852d484c6f4fc"
"md","step-01b-resume","tea","tea/workflows/testarch/bmad-testarch-test-review/steps-c/step-01b-resume.md","9171e8dabce907994fd7181d3fa42364c661b53da3887bb8dc5930cca6534a86"
"md","step-01b-resume","tea","tea/workflows/testarch/bmad-testarch-trace/steps-c/step-01b-resume.md","e651392598418fdb754c6f709a9090290e3328599b02f61d7ef95ecf58836fc5"
"md","step-02-apply-edit","tea","tea/workflows/testarch/bmad-testarch-atdd/steps-e/step-02-apply-edit.md","1bab9f0a282b0706ae7f3fe866ae9743561d62e31b55ec71a3c8b8c805eb1b86"
"md","step-02-apply-edit","tea","tea/workflows/testarch/bmad-testarch-automate/steps-e/step-02-apply-edit.md","1bab9f0a282b0706ae7f3fe866ae9743561d62e31b55ec71a3c8b8c805eb1b86"
"md","step-02-apply-edit","tea","tea/workflows/testarch/bmad-testarch-ci/steps-e/step-02-apply-edit.md","1bab9f0a282b0706ae7f3fe866ae9743561d62e31b55ec71a3c8b8c805eb1b86"
"md","step-02-apply-edit","tea","tea/workflows/testarch/bmad-testarch-framework/steps-e/step-02-apply-edit.md","1bab9f0a282b0706ae7f3fe866ae9743561d62e31b55ec71a3c8b8c805eb1b86"
"md","step-02-apply-edit","tea","tea/workflows/testarch/bmad-testarch-nfr/steps-e/step-02-apply-edit.md","1bab9f0a282b0706ae7f3fe866ae9743561d62e31b55ec71a3c8b8c805eb1b86"
"md","step-02-apply-edit","tea","tea/workflows/testarch/bmad-testarch-test-design/steps-e/step-02-apply-edit.md","1bab9f0a282b0706ae7f3fe866ae9743561d62e31b55ec71a3c8b8c805eb1b86"
"md","step-02-apply-edit","tea","tea/workflows/testarch/bmad-testarch-test-review/steps-e/step-02-apply-edit.md","1bab9f0a282b0706ae7f3fe866ae9743561d62e31b55ec71a3c8b8c805eb1b86"
"md","step-02-apply-edit","tea","tea/workflows/testarch/bmad-testarch-trace/steps-e/step-02-apply-edit.md","1bab9f0a282b0706ae7f3fe866ae9743561d62e31b55ec71a3c8b8c805eb1b86"
"md","step-02-assess","tea","tea/workflows/testarch/bmad-teach-me-testing/steps-c/step-02-assess.md","fc59314f431976a371ecf29dabc99684cec6a532e99a583b30419a5aa13b2a73"
"md","step-02-define-thresholds","tea","tea/workflows/testarch/bmad-testarch-nfr/steps-c/step-02-define-thresholds.md","044f8ffec7060b5e2a9edd6a0a547e57f2f4cc6c01dd8bc603231ca66e31a82a"
"md","step-02-discover-tests","tea","tea/workflows/testarch/bmad-testarch-test-review/steps-c/step-02-discover-tests.md","3fbe737fc42d34ac6da4cedccba15f2b3173156b5e04054bca736ea62b9b1b8d"
"md","step-02-discover-tests","tea","tea/workflows/testarch/bmad-testarch-trace/steps-c/step-02-discover-tests.md","4e8d0acb418262b8be85a47604c097fcc9ba7338817ac2a93397544416790e1e"
"md","step-02-generate-pipeline","tea","tea/workflows/testarch/bmad-testarch-ci/steps-c/step-02-generate-pipeline.md","bbd4593886731b5b5692f99507831d8cf017e84d47809fef1ceda8c1676fa033"
"md","step-02-generation-mode","tea","tea/workflows/testarch/bmad-testarch-atdd/steps-c/step-02-generation-mode.md","9ee0e84f48025fb925d5a0a15f2325e7c4b9a9c5121119d0333c8688ddfec176"
"md","step-02-identify-targets","tea","tea/workflows/testarch/bmad-testarch-automate/steps-c/step-02-identify-targets.md","0d1a28f43a5dcd058b66e17f2d081ff7c1c7e41a2ac2e7495c95b06df06c5f5b"
"md","step-02-load-context","tea","tea/workflows/testarch/bmad-testarch-test-design/steps-c/step-02-load-context.md","c5dd63bcdbb38571700b92466e7ff4d5d992b73fef20fec2fed08891cc2e2b01"
"md","step-02-select-framework","tea","tea/workflows/testarch/bmad-testarch-framework/steps-c/step-02-select-framework.md","958ad94c65003793c20f6ecc0d9ced2b3f4ae3f3990332129dc8d8894fb41a54"
"md","step-03-configure-quality-gates","tea","tea/workflows/testarch/bmad-testarch-ci/steps-c/step-03-configure-quality-gates.md","619082ff171c08f88340f4ade8a4080a4f0173d22de2725fa09c11b7b6a99475"
"md","step-03-gather-evidence","tea","tea/workflows/testarch/bmad-testarch-nfr/steps-c/step-03-gather-evidence.md","161b3d30ff4296c3097a55ebe62816dc3364961f9596aa69256369cecc34ee1d"
"md","step-03-generate-tests","tea","tea/workflows/testarch/bmad-testarch-automate/steps-c/step-03-generate-tests.md","5be55887f41b4387de6ab15085b3b9049ed1eec96d16b2b3673145753cf5baf6"
"md","step-03-map-criteria","tea","tea/workflows/testarch/bmad-testarch-trace/steps-c/step-03-map-criteria.md","6c29e8d225accf4ab5dad033cb3f0a9e433234f4b029060adc2dfeccaaad69ff"
"md","step-03-quality-evaluation","tea","tea/workflows/testarch/bmad-testarch-test-review/steps-c/step-03-quality-evaluation.md","65d6b9c1810664e1676dc5efb0d9a452f0331fcd25e3e10cb51caa93e9960870"
"md","step-03-risk-and-testability","tea","tea/workflows/testarch/bmad-testarch-test-design/steps-c/step-03-risk-and-testability.md","bcc4e25eef2df5aea73fc1b1c38fe13e9754f24716bc6e5dfa69f88ad7777ca0"
"md","step-03-scaffold-framework","tea","tea/workflows/testarch/bmad-testarch-framework/steps-c/step-03-scaffold-framework.md","b1567d05a204b88eb1e7ded75c8fe2f6ee4aa701feca09ee604c0a3a28952b54"
"md","step-03-session-menu","tea","tea/workflows/testarch/bmad-teach-me-testing/steps-c/step-03-session-menu.md","c9b35b9645c500fd607679134875441b9eb940cbf5853931adeba92cc70d0c0a"
"md","step-03-test-strategy","tea","tea/workflows/testarch/bmad-testarch-atdd/steps-c/step-03-test-strategy.md","d3170c76f83388eb1ca483558c1475a33bcb33c5071747dc6b887919d1f5b1fe"
"md","step-03a-subagent-api","tea","tea/workflows/testarch/bmad-testarch-automate/steps-c/step-03a-subagent-api.md","e7fc5eefb2c339d647b2e893e3ab1fac9e4b01b4d6a330f1e7889b9e0dd03132"
"md","step-03a-subagent-determinism","tea","tea/workflows/testarch/bmad-testarch-test-review/steps-c/step-03a-subagent-determinism.md","51868b0a1055e4c69c50bf9ba6ca194e5df1f7b79ab77d05ad1f6bd00b908897"
"md","step-03b-subagent-backend","tea","tea/workflows/testarch/bmad-testarch-automate/steps-c/step-03b-subagent-backend.md","c3c10bc41e0ce0f29b7fc65ed28dbab8b33c7adc1fde52b5c6959d25f1df4f88"
"md","step-03b-subagent-e2e","tea","tea/workflows/testarch/bmad-testarch-automate/steps-c/step-03b-subagent-e2e.md","1bc299c0079639550b922dfd5358a8689a345d056f071f845bd7c41899ac154a"
"md","step-03b-subagent-isolation","tea","tea/workflows/testarch/bmad-testarch-test-review/steps-c/step-03b-subagent-isolation.md","4e5f9f983ed9d65c613226c451b1cae11e38cabc4b1bffe197ab5bdbd933025a"
"md","step-03c-aggregate","tea","tea/workflows/testarch/bmad-testarch-automate/steps-c/step-03c-aggregate.md","bc05fe070b5c88c626b2351bbac4314625ea683c5dfef76cb17717fdb7d6a82b"
"md","step-03c-subagent-maintainability","tea","tea/workflows/testarch/bmad-testarch-test-review/steps-c/step-03c-subagent-maintainability.md","98e6da35435a7da19d0e92975c4d3f0e1fd5b99dadeebe318665a2970ae73cd5"
"md","step-03e-subagent-performance","tea","tea/workflows/testarch/bmad-testarch-test-review/steps-c/step-03e-subagent-performance.md","a17ba4d114757da4457f51536012d153cfc42b76f3a32c54846737698dd46d0b"
"md","step-03f-aggregate-scores","tea","tea/workflows/testarch/bmad-testarch-test-review/steps-c/step-03f-aggregate-scores.md","5ed033dc182b71b92d4872bdf4eddde59c5b18e3b54dc65bbe49f5011c25ad12"
"md","step-04-analyze-gaps","tea","tea/workflows/testarch/bmad-testarch-trace/steps-c/step-04-analyze-gaps.md","cda71e008da2dfee7c6a6e2d9e8c2fe4f977074f7e0f0093f43d166c82db0719"
"md","step-04-coverage-plan","tea","tea/workflows/testarch/bmad-testarch-test-design/steps-c/step-04-coverage-plan.md","1abfc3750bd4d8c9a1c75ecb1fca1998f45b33d6b781751de8bc072b32c1ad65"
"md","step-04-docs-and-scripts","tea","tea/workflows/testarch/bmad-testarch-framework/steps-c/step-04-docs-and-scripts.md","a36e99ebc133e18f784d75d8f42109d019f2295eaf0315addb8a5726c7a61a48"
"md","step-04-evaluate-and-score","tea","tea/workflows/testarch/bmad-testarch-nfr/steps-c/step-04-evaluate-and-score.md","fb1e647fdaadbf1959f9823726b25cae4fa8716aacc3c1c45f50c7fbca6c391c"
"md","step-04-generate-report","tea","tea/workflows/testarch/bmad-testarch-test-review/steps-c/step-04-generate-report.md","c60e9ba9ec233d56d0c572cf0e98bb7e46efea27ba5a29041c3a427712ddd003"
"md","step-04-generate-tests","tea","tea/workflows/testarch/bmad-testarch-atdd/steps-c/step-04-generate-tests.md","1d7d97388b8aff1e9ce2cddf7d7d606d6b82d4d15078d9aab1e4ace5b01aa62f"
"md","step-04-session-01","tea","tea/workflows/testarch/bmad-teach-me-testing/steps-c/step-04-session-01.md","abab7d84c5f1f5fe0b5935a77629056adf3ae1604a4df453bfc0a51ba1304647"
"md","step-04-session-02","tea","tea/workflows/testarch/bmad-teach-me-testing/steps-c/step-04-session-02.md","e9a544982a4735413ecd579ce2989497f7f7a8767f78fc85f9a78b8524035601"
"md","step-04-session-03","tea","tea/workflows/testarch/bmad-teach-me-testing/steps-c/step-04-session-03.md","c151a74acf70e6cc8057cda58ff754099c0518154a44d3e44e36a9550793b36d"
"md","step-04-session-04","tea","tea/workflows/testarch/bmad-teach-me-testing/steps-c/step-04-session-04.md","0d2488945b2e1bb2e2c772040f9202e8cfb13f6c318ee265df3ef65eea7574da"
"md","step-04-session-05","tea","tea/workflows/testarch/bmad-teach-me-testing/steps-c/step-04-session-05.md","dc7e59d103c2097b37e7d61c52a481fd608d235aea066456f04f363f5179e086"
"md","step-04-session-06","tea","tea/workflows/testarch/bmad-teach-me-testing/steps-c/step-04-session-06.md","5c4c80c67e6a1e66ca5cf1387cad0c128146d502ef8fff25775e235a584d33ab"
"md","step-04-session-07","tea","tea/workflows/testarch/bmad-teach-me-testing/steps-c/step-04-session-07.md","b6e5b6f7ebb4d80792504b25f78a1151644c399ba7c718bca211a8ff6594be2c"
"md","step-04-validate-and-summarize","tea","tea/workflows/testarch/bmad-testarch-automate/steps-c/step-04-validate-and-summarize.md","907a784a9c3a3d6932137cf80409f9751e1234c0367e8847b3276d86fccfddcd"
"md","step-04-validate-and-summary","tea","tea/workflows/testarch/bmad-testarch-ci/steps-c/step-04-validate-and-summary.md","869dc8e0aa749715d4116c6fe8623df1e29976d0fd5ad4f4dfc5589543541ad4"
"md","step-04a-subagent-api-failing","tea","tea/workflows/testarch/bmad-testarch-atdd/steps-c/step-04a-subagent-api-failing.md","150c8908c2b8b6314a584a241321c184b76ed8f67b7a7064adb0ff66bb597ed2"
"md","step-04a-subagent-security","tea","tea/workflows/testarch/bmad-testarch-nfr/steps-c/step-04a-subagent-security.md","e397ece88e646edd7decefcffae218077e23665e15c14fd2d41c56cd65c6cb4e"
"md","step-04b-subagent-e2e-failing","tea","tea/workflows/testarch/bmad-testarch-atdd/steps-c/step-04b-subagent-e2e-failing.md","acc42edab80a5618d764d0a255d07eb9076bae1f71d74cce8f3383d06c68332e"
"md","step-04b-subagent-performance","tea","tea/workflows/testarch/bmad-testarch-nfr/steps-c/step-04b-subagent-performance.md","de6f83e68ce242254767919b6a8e9b79575e75d407159c5a07e966c03d129c1d"
"md","step-04c-aggregate","tea","tea/workflows/testarch/bmad-testarch-atdd/steps-c/step-04c-aggregate.md","9f719ffbf6afc0083398ec665a50bf10764b3ad8fb562a8d45fb2f51e8ebad48"
"md","step-04c-subagent-reliability","tea","tea/workflows/testarch/bmad-testarch-nfr/steps-c/step-04c-subagent-reliability.md","8e418f4e9838264a7577a511135a20efc918b9baae56d4dc44d18f8888162564"
"md","step-04d-subagent-scalability","tea","tea/workflows/testarch/bmad-testarch-nfr/steps-c/step-04d-subagent-scalability.md","4e138676b99f92d9728fae91974ec260be93f151eec753764a364a76e394152e"
"md","step-04e-aggregate-nfr","tea","tea/workflows/testarch/bmad-testarch-nfr/steps-c/step-04e-aggregate-nfr.md","38642fca4c37a0da53c1313e6bf90093ebd2e1867103c497d868a2ec81ddeb74"
"md","step-05-completion","tea","tea/workflows/testarch/bmad-teach-me-testing/steps-c/step-05-completion.md","6a522818bec8615ec44ee496b025364fce8ad15dc39db97e76e66d8629d153ae"
"md","step-05-gate-decision","tea","tea/workflows/testarch/bmad-testarch-trace/steps-c/step-05-gate-decision.md","0485065c4bdb43f03625868c92a7a0695f07009ba8f3d43b25da758a35812620"
"md","step-05-generate-output","tea","tea/workflows/testarch/bmad-testarch-test-design/steps-c/step-05-generate-output.md","24f626a0650d932e82c04a67b9a58dbf8c09471d6a79469da4e075885d552a4f"
"md","step-05-generate-report","tea","tea/workflows/testarch/bmad-testarch-nfr/steps-c/step-05-generate-report.md","1b7a4773ccf84efc5932357fd2c2bd370aa890b62b3be1c3f74c7aeb2a2b9b63"
"md","step-05-validate-and-complete","tea","tea/workflows/testarch/bmad-testarch-atdd/steps-c/step-05-validate-and-complete.md","cc0d6754bb757a33c3a42d5ea904685b189a5e17a8b4fbeec08fb5bd7c108760"
"md","step-05-validate-and-summary","tea","tea/workflows/testarch/bmad-testarch-framework/steps-c/step-05-validate-and-summary.md","b63a1a0e562d5f6db1bdf05f12e9001a1a29fc539b55ea840b7f98f6082eeb27"
"md","step-e-01-assess-workflow","tea","tea/workflows/testarch/bmad-teach-me-testing/steps-e/step-e-01-assess-workflow.md","69efe382e2c34c40c708cc78983f9da17bc03dadbe48d404cf5fff5a41064af6"
"md","step-e-02-apply-edits","tea","tea/workflows/testarch/bmad-teach-me-testing/steps-e/step-e-02-apply-edits.md","e80344a593f15a80c0d9883592ba54fbef2934a4b9d2b5abd892f554a70dc11a"
"md","step-v-01-validate","tea","tea/workflows/testarch/bmad-teach-me-testing/steps-v/step-v-01-validate.md","44e3299dd821040695106119643d70ad67cf1f7b050794b0c578c83e2476fa7f"
"md","test-design-architecture-template","tea","tea/workflows/testarch/bmad-testarch-test-design/test-design-architecture-template.md","dc3317f4b22d2410429acee64f09e043bd677a09335127c65652b40b916cd469"
"md","test-design-handoff-template","tea","tea/workflows/testarch/bmad-testarch-test-design/test-design-handoff-template.md","2569b545622917e0ece923dd8771aacf0a59ca888793fda492484830f7228b6f"
"md","test-design-qa-template","tea","tea/workflows/testarch/bmad-testarch-test-design/test-design-qa-template.md","0bbd9630d237775aca9aa7b0e8e1c886b351e10e93b492c8f5281bea9af845ee"
"md","test-design-template","tea","tea/workflows/testarch/bmad-testarch-test-design/test-design-template.md","8d4c76b447400f5f7a6d35a8f8f438da76c4200526f01972a4f8e4bddf4b5646"
"md","test-healing-patterns","tea","tea/testarch/knowledge/test-healing-patterns.md","34f05dc40b5ead05d9c68299cb1a46f819338a4c8c928ab550a593e17f2b5464"
"md","test-levels-framework","tea","tea/testarch/knowledge/test-levels-framework.md","5397ad467351c55a6c8ee0d7f2fc6fce3d123a0bee35c01af0f71aa90d8bd0ea"
"md","test-priorities-matrix","tea","tea/testarch/knowledge/test-priorities-matrix.md","9f026da4038166ce8c3cc8aaedc9ca32b99eae75a053d5301c07bc53442a7788"
"md","test-quality","tea","tea/testarch/knowledge/test-quality.md","01552faa4496926c4e4badf03ff7c0b17fbf3e5647c3a79348c6e4932602955e"
"md","test-review-template","tea","tea/workflows/testarch/bmad-testarch-test-review/test-review-template.md","a5b4ea89a0936605c0e454db07013676458f889bef5c536a211cda401e8165fb"
"md","timing-debugging","tea","tea/testarch/knowledge/timing-debugging.md","74304e8e924f1ae21be4edcdea149442a8ee1d5ad23a5388dc32c0cf3f8135e7"
"md","trace-template","tea","tea/workflows/testarch/bmad-testarch-trace/trace-template.md","d58d9e9de635bb9eebf3a449fe66aa99e998256187204bac59033d5603d8ec24"
"md","validation-report-20260127-095021","tea","tea/workflows/testarch/bmad-testarch-atdd/validation-report-20260127-095021.md","8ad16b678e08ec75a41bc2893db7ae8ad2be8cf229d9c8393b45fba310161e04"
"md","validation-report-20260127-095021","tea","tea/workflows/testarch/bmad-testarch-automate/validation-report-20260127-095021.md","76003bc6af51d5d5fa99ab5e4f2762f521f49b5543789399b8b56b917e6c3ae4"
"md","validation-report-20260127-095021","tea","tea/workflows/testarch/bmad-testarch-ci/validation-report-20260127-095021.md","510e83e1909f93be68d337284e56e129a97b81d529ed37231d6b2f62c8e3de31"
"md","validation-report-20260127-095021","tea","tea/workflows/testarch/bmad-testarch-framework/validation-report-20260127-095021.md","0ffbf0dd8732a2d43825235965670b6f8255a06a131caeb92f8f6afad22240ad"
"md","validation-report-20260127-095021","tea","tea/workflows/testarch/bmad-testarch-nfr/validation-report-20260127-095021.md","c0e196e2fa452cce54d1b82da1501d58eb7f6509885da1879bcd316634764f68"
"md","validation-report-20260127-095021","tea","tea/workflows/testarch/bmad-testarch-test-design/validation-report-20260127-095021.md","2c9df60896256ea91555fcdcb3c3d5b38d47003fa0d5b1216466a6599b53d0ed"
"md","validation-report-20260127-095021","tea","tea/workflows/testarch/bmad-testarch-test-review/validation-report-20260127-095021.md","e3c761b0beb35bedf5be5170725571eb60a8d0853d219aa6c2cbf7548b058dc0"
"md","validation-report-20260127-095021","tea","tea/workflows/testarch/bmad-testarch-trace/validation-report-20260127-095021.md","4c3df5b3b9fb51dec9110094a9b073391c1f0befd5a5bd11ee3b681655581198"
"md","validation-report-20260127-102401","tea","tea/workflows/testarch/bmad-testarch-atdd/validation-report-20260127-102401.md","7660056ce91586ee251521f2afd70a37d8fde92c269d1ae0006165982aa798ed"
"md","validation-report-20260127-102401","tea","tea/workflows/testarch/bmad-testarch-automate/validation-report-20260127-102401.md","d771deda210ff0e247096c8d34acf3cb65a997a352d0e2b6b534b98b8257e12f"
"md","validation-report-20260127-102401","tea","tea/workflows/testarch/bmad-testarch-ci/validation-report-20260127-102401.md","d45297159f142aefcf2370174a30cd85f4e2b58598146ca8d34281a66a218c88"
"md","validation-report-20260127-102401","tea","tea/workflows/testarch/bmad-testarch-framework/validation-report-20260127-102401.md","42da2d087d43f5d17bc75b11c57090cf43edf1f6b6f5fc422cf8b31eca697a29"
"md","validation-report-20260127-102401","tea","tea/workflows/testarch/bmad-testarch-nfr/validation-report-20260127-102401.md","571818b6acd85778e6b5bb725c93db86e5c3854644b806cc341ed8d7b299247e"
"md","validation-report-20260127-102401","tea","tea/workflows/testarch/bmad-testarch-test-design/validation-report-20260127-102401.md","a3f1a46ee45c25a0b8594f1c0680473c360ff5f234e22e342074f0d795c1916d"
"md","validation-report-20260127-102401","tea","tea/workflows/testarch/bmad-testarch-test-review/validation-report-20260127-102401.md","ef89f3a406cc7cca093ef12054cc0e5b23d3f17acba065130e1bf88520945fe4"
"md","validation-report-20260127-102401","tea","tea/workflows/testarch/bmad-testarch-trace/validation-report-20260127-102401.md","41c2741d65c4ba9a05cfa7ce9c44c97670abda4b2dd2c6f5303fd13584bb35d9"
"md","visual-debugging","tea","tea/testarch/knowledge/visual-debugging.md","f69b99d75a0b91573f6f602c7eb4f23b769a30a405ead64ae440ecf2b5c7e566"
"md","workflow","tea","tea/workflows/testarch/bmad-teach-me-testing/workflow.md","d9d6450f9683ed47e774afe0784a934324fef7d8e27a748bce0a960f65c3a920"
"md","workflow","tea","tea/workflows/testarch/bmad-testarch-atdd/workflow.md","7e2c4376a7c8ca882119ffba2d37efcc2be0dba825ed6bf170f2e48a94db8521"
"md","workflow","tea","tea/workflows/testarch/bmad-testarch-automate/workflow.md","0e53a8b4e2ba998ebc29dfbc3fc90763cb167518a38495fd90d09deab900bfb0"
"md","workflow","tea","tea/workflows/testarch/bmad-testarch-ci/workflow.md","44ec806cf6085b71b42a384c72b2fc4d17d4b540933a499bfc633e251f19507d"
"md","workflow","tea","tea/workflows/testarch/bmad-testarch-framework/workflow.md","4ac7e25c996e13ba786dad14de093f10732f7c4874df9117e7ad5f4eec5b792b"
"md","workflow","tea","tea/workflows/testarch/bmad-testarch-nfr/workflow.md","1f363ab534d00a2b559cf3a90129963fe4b91d6d0b75c1d2e4c9a794dbb6c324"
"md","workflow","tea","tea/workflows/testarch/bmad-testarch-test-design/workflow.md","654c8555cf73c7bc2a2f8cc7800f0b5440b3a027d2d385e420f7a7ea18a8cc03"
"md","workflow","tea","tea/workflows/testarch/bmad-testarch-test-review/workflow.md","04857f0d2bbf8ff8ecdb6579c100ed0781455506817565ac660217ed29506fef"
"md","workflow","tea","tea/workflows/testarch/bmad-testarch-trace/workflow.md","3b1d245438f1365cc1cc9a71ca3d8f7e7f34c62cea69b60ec43d84b1c9a9023b"
"md","workflow-plan","tea","tea/workflows/testarch/bmad-testarch-atdd/workflow-plan.md","28b265f8a3b950a92454632a0d78faa3a40b096f85714187455ab5d495787437"
"md","workflow-plan","tea","tea/workflows/testarch/bmad-testarch-automate/workflow-plan.md","cd569f2f23791b3223778af6461492f02909ae029ce14899feaf4f9e112f2956"
"md","workflow-plan","tea","tea/workflows/testarch/bmad-testarch-ci/workflow-plan.md","98c0a7ffdc946500c4cf5358ba99559f59c6cbc9c09154d8e477a87b90891952"
"md","workflow-plan","tea","tea/workflows/testarch/bmad-testarch-framework/workflow-plan.md","a3f83191c092720228f5f9f6e17c97b1eed0967f58bb1b7e54c51b0ca6e49221"
"md","workflow-plan","tea","tea/workflows/testarch/bmad-testarch-nfr/workflow-plan.md","968c84d8ea3e2ea6b248d2298aff79bc1b00ecab34113ab61ead788cc4f6a1d2"
"md","workflow-plan","tea","tea/workflows/testarch/bmad-testarch-test-design/workflow-plan.md","981e2c1fe7c701ad33e52ed62a691d747ec8b6b2a5c20637c4d4314914e49470"
"md","workflow-plan","tea","tea/workflows/testarch/bmad-testarch-test-review/workflow-plan.md","f92e323bb2a786edc3e2377325c3f7efd2cfdebe27a36f9bc94b0cc8149c08f6"
"md","workflow-plan","tea","tea/workflows/testarch/bmad-testarch-trace/workflow-plan.md","b021c4f55d751b14c96853f1559fb3a6eb044608c4a39ea56bde0ef5d6869692"
"md","workflow-plan-teach-me-testing","tea","tea/workflows/testarch/bmad-teach-me-testing/workflow-plan-teach-me-testing.md","cbe4dd7050af4342eb26868070b4a5a8350249dd038b2b0d2edd7fa258c8f93f"
"yaml","azure-pipelines-template","tea","tea/workflows/testarch/bmad-testarch-ci/azure-pipelines-template.yaml","d4e48de5edc5603872995a15289c736a26cee61b1f0c634fef2c7e957deadb3d"
"yaml","bmad-skill-manifest","tea","tea/workflows/testarch/bmad-teach-me-testing/bmad-skill-manifest.yaml","fba78c307309490c064510a2d87d29e608120d600a705fd1d6b110adbdb68e63"
"yaml","bmad-skill-manifest","tea","tea/workflows/testarch/bmad-testarch-atdd/bmad-skill-manifest.yaml","fba78c307309490c064510a2d87d29e608120d600a705fd1d6b110adbdb68e63"
"yaml","bmad-skill-manifest","tea","tea/workflows/testarch/bmad-testarch-automate/bmad-skill-manifest.yaml","fba78c307309490c064510a2d87d29e608120d600a705fd1d6b110adbdb68e63"
"yaml","bmad-skill-manifest","tea","tea/workflows/testarch/bmad-testarch-ci/bmad-skill-manifest.yaml","fba78c307309490c064510a2d87d29e608120d600a705fd1d6b110adbdb68e63"
"yaml","bmad-skill-manifest","tea","tea/workflows/testarch/bmad-testarch-framework/bmad-skill-manifest.yaml","fba78c307309490c064510a2d87d29e608120d600a705fd1d6b110adbdb68e63"
"yaml","bmad-skill-manifest","tea","tea/workflows/testarch/bmad-testarch-nfr/bmad-skill-manifest.yaml","fba78c307309490c064510a2d87d29e608120d600a705fd1d6b110adbdb68e63"
"yaml","bmad-skill-manifest","tea","tea/workflows/testarch/bmad-testarch-test-design/bmad-skill-manifest.yaml","fba78c307309490c064510a2d87d29e608120d600a705fd1d6b110adbdb68e63"
"yaml","bmad-skill-manifest","tea","tea/workflows/testarch/bmad-testarch-test-review/bmad-skill-manifest.yaml","fba78c307309490c064510a2d87d29e608120d600a705fd1d6b110adbdb68e63"
"yaml","bmad-skill-manifest","tea","tea/workflows/testarch/bmad-testarch-trace/bmad-skill-manifest.yaml","fba78c307309490c064510a2d87d29e608120d600a705fd1d6b110adbdb68e63"
"yaml","config","tea","tea/config.yaml","f591948c7ede0c2ff77b0039eeedae7720baecd39cc8ee9ffe598c503794d14c"
"yaml","curriculum","tea","tea/workflows/testarch/bmad-teach-me-testing/data/curriculum.yaml","28bc2598bdf32fb62d3f248aa93e8849538fa1719bf0e0f7e273f4761c6f29b8"
"yaml","github-actions-template","tea","tea/workflows/testarch/bmad-testarch-ci/github-actions-template.yaml","ab958973e3db5f207c02aca9382f918754d516bf1c93b6aae3b17174210e84d3"
"yaml","gitlab-ci-template","tea","tea/workflows/testarch/bmad-testarch-ci/gitlab-ci-template.yaml","a5b151216164f463fc5dd5f23087a361cdfd60a67e0b150be962c18323ef75fe"
"yaml","harness-pipeline-template","tea","tea/workflows/testarch/bmad-testarch-ci/harness-pipeline-template.yaml","204b29940ec6b230a9d15d04290c260aa5c1b67795af6cdcfe686e5b3d1811f3"
"yaml","progress-template","tea","tea/workflows/testarch/bmad-teach-me-testing/templates/progress-template.yaml","4220c120a19dda4ee3c9a1e9b7cccd3f0a32016c553f58722fcc69d4dafac202"
"yaml","quiz-questions","tea","tea/workflows/testarch/bmad-teach-me-testing/data/quiz-questions.yaml","a308173a406edb8f2ab05d373640565c2f677463cdbcbae866ce5c811ce121c7"
"yaml","role-paths","tea","tea/workflows/testarch/bmad-teach-me-testing/data/role-paths.yaml","8cc2b2ae0f6fe1d5230702813de078a042ce228e23a184a17bff314cb9f7df2c"
"yaml","session-content-map","tea","tea/workflows/testarch/bmad-teach-me-testing/data/session-content-map.yaml","2d98160bb74341e727e0aae425b31780c12375cf91aaa00431f2c137bccc9869"
"yaml","tea-resources-index","tea","tea/workflows/testarch/bmad-teach-me-testing/data/tea-resources-index.yaml","46cf66cc9c96086f58ee51d8b9c588018485e835376881384e2064ee799ad5b2"
"yaml","workflow","tea","tea/workflows/testarch/bmad-testarch-atdd/workflow.yaml","ffd8e91c8e2f0b69606073021c30b96691b51ad4fcf2adfaad3784f372cf0d14"
"yaml","workflow","tea","tea/workflows/testarch/bmad-testarch-automate/workflow.yaml","31aa0de4052cbe9897d830fca64e75b1ad02619b5fea0e47bd6187a67b42f37e"
"yaml","workflow","tea","tea/workflows/testarch/bmad-testarch-ci/workflow.yaml","2b0dcde0dfcd0756f3d4ffb5d15f645b6972fce37807cfaf74c120d89bfa111a"
"yaml","workflow","tea","tea/workflows/testarch/bmad-testarch-framework/workflow.yaml","96bd1a10c3f9b02aa16b5c6e449e31091e3b89c1ea11a587fd111383d7fd81fc"
"yaml","workflow","tea","tea/workflows/testarch/bmad-testarch-nfr/workflow.yaml","3c6d34a1e445788ab3e53e9516826a0edd0376e4623da0961453270064356f7d"
"yaml","workflow","tea","tea/workflows/testarch/bmad-testarch-test-design/workflow.yaml","28ee3aa36cb61e425073567cbb380ba8d2b6ade33db983fd122af4ec58d2bc12"
"yaml","workflow","tea","tea/workflows/testarch/bmad-testarch-test-review/workflow.yaml","f9f22380b038a4bdf8dbbbf56d7102c8082362aa00d56199b9b18bc6944f7339"
"yaml","workflow","tea","tea/workflows/testarch/bmad-testarch-trace/workflow.yaml","911ff31fab73ade6d95c3e798f560104e2fd3f4c0d0ae3c142d63d74a1f70bcd"
